station_id,ph,tds,turbidity,flow_rate,label
Ganga_Upstream,7.27,306,19.5,49.01,safe
Ganga_Upstream,7.03,211,15.1,45.11,safe
Ganga_Upstream,7.03,220,17.5,39.92,safe
Ganga_Upstream,7.42,170,6.9,37.4,safe
Ganga_Upstream,7.01,206,4.9,40.61,safe
Ganga_Upstream,6.73,313,10.7,33.78,safe
Ganga_Upstream,7.1,360,15.0,48.56,safe
Ganga_Upstream,5.0,50,20.2,0.0,unsafe
Ganga_Upstream,7.33,348,12.9,31.98,safe
Ganga_Upstream,7.12,140,1.3,47.78,safe
Ganga_Upstream,7.17,316,8.1,45.92,safe
Ganga_Upstream,7.54,317,3.7,48.26,safe
Ganga_Upstream,7.16,273,1.2,34.95,safe
Ganga_Upstream,6.86,130,10.7,39.1,safe
Ganga_Upstream,7.28,144,4.5,38.54,safe
Ganga_Upstream,7.56,177,6.8,29.97,safe
Ganga_Upstream,7.51,259,15.1,42.08,safe
Ganga_Upstream,7.43,234,1.7,48.73,safe
Ganga_Upstream,7.36,129,17.5,46.14,safe
Ganga_Upstream,7.14,120,4.2,31.65,safe
Ganga_Upstream,7.58,411,18.0,41.92,safe
Ganga_Upstream,7.34,109,12.2,44.55,safe
Ganga_Upstream,7.21,326,5.3,29.46,safe
Ganga_Upstream,6.88,104,20.5,38.71,safe
Ganga_Upstream,6.87,291,3.0,34.67,safe
Ganga_Upstream,7.47,139,4.5,36.35,safe
Ganga_Upstream,7.24,375,3.0,40.97,safe
Ganga_Upstream,7.54,120,18.1,40.85,safe
Ganga_Upstream,6.66,227,15.9,36.86,safe
Ganga_Upstream,7.09,201,1.2,47.32,safe
Ganga_Upstream,7.37,256,7.5,48.67,safe
Ganga_Upstream,6.94,360,6.9,41.56,safe
Ganga_Upstream,7.26,115,7.1,39.57,safe
Ganga_Upstream,7.12,388,9.2,49.85,safe
Ganga_Upstream,7.09,312,17.0,46.22,safe
Ganga_Upstream,6.81,206,13.7,45.42,safe
Ganga_Upstream,7.17,192,19.1,38.85,safe
Ganga_Upstream,6.85,316,1.3,37.35,safe
Ganga_Upstream,6.61,301,14.4,40.27,safe
Ganga_Upstream,7.23,188,14.6,31.67,safe
Ganga_Upstream,6.59,119,1.2,41.79,unsafe
Ganga_Upstream,7.62,217,6.9,35.27,safe
Ganga_Upstream,6.89,382,3.1,37.0,safe
Ganga_Upstream,7.37,360,6.1,30.58,safe
Ganga_Upstream,7.08,96,3.0,38.67,safe
Ganga_Upstream,6.58,153,10.5,39.48,safe
Ganga_Upstream,7.31,124,11.5,47.12,safe
Ganga_Upstream,7.19,116,1.5,46.97,safe
Ganga_Upstream,6.6,139,17.4,42.87,safe
Ganga_Upstream,7.23,101,12.5,35.86,safe
Ganga_Upstream,6.87,168,0.4,40.63,safe
Ganga_Upstream,7.35,241,10.6,37.06,safe
Ganga_Upstream,7.28,157,1.6,34.55,safe
Ganga_Upstream,7.08,324,9.7,31.66,safe
Ganga_Upstream,7.62,211,12.5,35.37,safe
Ganga_Upstream,7.55,138,14.7,43.66,safe
Ganga_Upstream,6.83,280,10.2,35.73,safe
Ganga_Upstream,7.07,276,6.0,41.63,safe
Ganga_Upstream,6.85,207,6.4,43.36,safe
Ganga_Upstream,7.37,134,11.1,45.07,safe
Ganga_Upstream,6.73,200,2.5,43.11,safe
Ganga_Upstream,6.98,341,4.2,41.97,safe
Ganga_Upstream,7.51,349,1.7,45.48,safe
Ganga_Upstream,6.99,359,5.4,47.0,safe
Ganga_Upstream,7.04,348,10.9,31.09,safe
Ganga_Upstream,7.4,391,2.5,30.55,safe
Ganga_Upstream,7.23,152,14.1,34.52,safe
Ganga_Upstream,6.89,232,19.1,35.25,safe
Ganga_Upstream,7.12,130,7.8,43.2,safe
Ganga_Upstream,7.13,290,4.0,49.78,safe
Ganga_Upstream,7.86,223,16.8,34.72,safe
Ganga_Upstream,7.08,204,8.1,29.98,safe
Ganga_Upstream,7.08,269,1.9,42.95,safe
Ganga_Upstream,6.88,166,3.4,34.59,safe
Ganga_Upstream,7.39,354,12.1,32.34,safe
Ganga_Upstream,7.37,297,18.5,39.1,safe
Ganga_Upstream,7.08,265,10.4,41.58,safe
Ganga_Upstream,7.36,123,9.8,46.35,safe
Ganga_Upstream,7.25,389,11.8,45.98,safe
Ganga_Upstream,7.1,270,1.4,39.29,safe
Ganga_Upstream,7.11,412,9.4,40.98,safe
Ganga_Upstream,6.9,190,14.7,44.81,safe
Ganga_Upstream,7.02,320,16.4,43.62,safe
Ganga_Upstream,7.29,139,14.9,30.76,safe
Ganga_Upstream,6.74,148,10.9,34.84,safe
Ganga_Upstream,6.86,134,12.8,48.6,safe
Ganga_Upstream,7.39,129,11.3,48.54,safe
Ganga_Upstream,7.45,168,6.8,33.6,safe
Ganga_Upstream,7.51,182,15.7,35.31,safe
Ganga_Upstream,7.07,331,10.7,44.11,safe
Ganga_Upstream,7.63,186,5.4,44.78,safe
Ganga_Upstream,7.28,398,4.7,38.92,safe
Ganga_Upstream,7.47,351,16.5,38.3,safe
Ganga_Upstream,6.88,232,1.6,37.32,safe
Ganga_Upstream,7.1,249,3.1,32.38,safe
Ganga_Upstream,7.09,230,7.6,34.41,safe
Ganga_Upstream,7.62,238,0.7,33.2,safe
Ganga_Upstream,7.45,159,2.6,41.65,safe
Ganga_Upstream,6.93,371,18.9,32.06,safe
Ganga_Upstream,7.69,264,19.7,36.4,safe
Ganga_Upstream,7.25,288,10.1,39.94,safe
Ganga_Upstream,7.26,374,9.8,38.53,safe
Ganga_Upstream,6.95,402,15.5,47.26,safe
Ganga_Upstream,7.2,156,6.7,41.67,safe
Ganga_Upstream,7.42,200,7.8,33.47,safe
Ganga_Upstream,7.06,216,3.6,45.36,safe
Ganga_Upstream,7.18,379,19.4,32.41,safe
Ganga_Upstream,7.32,291,11.0,43.45,safe
Ganga_Upstream,7.0,104,13.7,43.02,safe
Ganga_Upstream,7.22,284,13.7,41.0,safe
Ganga_Upstream,7.65,352,19.0,35.59,safe
Ganga_Upstream,7.04,165,4.8,34.55,safe
Ganga_Upstream,6.84,124,19.9,33.89,safe
Ganga_Upstream,7.7,294,4.8,34.14,safe
Ganga_Upstream,7.14,136,0.4,41.39,safe
Ganga_Upstream,7.51,215,1100.0,0.0,unsafe
Ganga_Upstream,7.11,295,6.2,42.6,safe
Ganga_Upstream,5.0,1800,11.8,37.02,unsafe
Ganga_Upstream,7.1,353,7.4,46.75,safe
Ganga_Upstream,7.58,280,9.7,41.92,safe
Ganga_Upstream,6.95,333,6.6,31.73,safe
Ganga_Upstream,6.83,160,1.6,30.6,safe
Ganga_Upstream,7.69,263,12.1,42.53,safe
Ganga_Upstream,7.37,207,0.7,39.59,safe
Ganga_Upstream,6.56,118,10.6,46.43,safe
Ganga_Upstream,7.28,196,11.9,30.04,safe
Ganga_Upstream,6.97,181,0.4,41.97,safe
Ganga_Upstream,6.53,267,6.1,43.01,safe
Ganga_Upstream,7.65,307,17.5,49.5,safe
Ganga_Upstream,7.77,242,2.4,49.28,safe
Ganga_Upstream,7.36,309,3.3,39.2,safe
Ganga_Upstream,7.09,251,9.4,44.87,safe
Ganga_Upstream,7.21,222,0.6,39.58,safe
Ganga_Upstream,6.87,156,0.2,30.85,safe
Ganga_Upstream,7.26,153,5.8,42.28,safe
Ganga_Upstream,6.86,227,19.0,48.98,safe
Ganga_Upstream,7.05,104,12.9,38.5,safe
Ganga_Upstream,7.02,212,14.0,50.95,safe
Ganga_Upstream,7.77,392,3.7,35.68,safe
Ganga_Upstream,6.92,171,12.8,51.33,safe
Ganga_Upstream,5.0,50,14.7,0.0,unsafe
Ganga_Upstream,7.59,259,0.6,40.61,safe
Ganga_Upstream,7.3,224,2.4,44.71,safe
Ganga_Upstream,5.0,50,0.0,0.0,unsafe
Ganga_Upstream,6.9,200,13.9,30.57,safe
Ganga_Upstream,6.96,192,8.6,40.1,safe
Ganga_Upstream,6.87,102,6.0,42.42,safe
Ganga_Upstream,7.73,343,13.9,48.8,safe
Ganga_Upstream,7.35,160,16.0,49.8,safe
Ganga_Upstream,7.19,294,9.1,39.06,safe
Ganga_Upstream,7.23,327,10.4,47.02,safe
Ganga_Upstream,6.91,356,2.5,33.95,safe
Ganga_Upstream,6.7,185,13.4,35.26,safe
Ganga_Upstream,6.92,315,5.9,34.64,safe
Ganga_Upstream,7.65,334,1.9,44.84,safe
Ganga_Upstream,7.23,335,3.9,45.89,safe
Ganga_Upstream,7.48,265,9.1,29.53,safe
Ganga_Upstream,7.41,392,6.2,45.59,safe
Ganga_Upstream,7.76,331,6.4,30.47,safe
Ganga_Upstream,6.73,314,14.2,51.82,safe
Ganga_Upstream,7.05,187,19.0,32.82,safe
Ganga_Upstream,7.12,173,1.4,48.05,safe
Ganga_Upstream,7.08,325,18.2,49.67,safe
Ganga_Upstream,7.35,271,16.8,41.99,safe
Ganga_Upstream,6.85,283,14.9,38.3,safe
Ganga_Upstream,6.93,126,8.2,48.66,safe
Ganga_Upstream,7.01,182,0.9,37.09,safe
Ganga_Upstream,7.13,162,19.0,43.77,safe
Ganga_Upstream,6.57,140,0.1,34.41,safe
Ganga_Upstream,7.31,318,12.7,39.64,safe
Ganga_Upstream,7.1,178,17.6,44.9,safe
Ganga_Upstream,7.17,364,1.0,41.92,safe
Ganga_Upstream,7.14,288,14.3,33.59,safe
Ganga_Upstream,6.91,334,12.4,33.61,safe
Ganga_Upstream,7.38,381,14.4,42.6,safe
Ganga_Upstream,5.0,355,7.6,33.96,unsafe
Ganga_Upstream,7.08,287,20.3,41.48,safe
Ganga_Upstream,6.67,281,15.1,32.75,safe
Ganga_Upstream,6.93,286,9.5,41.81,safe
Ganga_Upstream,7.35,204,5.8,41.69,safe
Ganga_Upstream,7.26,313,17.9,38.91,safe
Ganga_Upstream,7.35,351,18.6,32.82,safe
Ganga_Upstream,6.7,328,11.7,34.57,safe
Ganga_Upstream,6.52,273,9.8,34.67,safe
Ganga_Upstream,6.93,122,15.4,32.75,safe
Ganga_Upstream,7.13,218,18.9,47.83,safe
Ganga_Upstream,7.19,391,1.5,33.24,safe
Ganga_Upstream,6.94,98,15.6,40.31,safe
Ganga_Upstream,6.92,249,12.2,49.07,safe
Ganga_Upstream,7.21,155,8.9,45.93,safe
Ganga_Upstream,7.77,269,1.7,46.74,safe
Ganga_Upstream,7.15,126,16.5,37.59,safe
Ganga_Upstream,7.78,252,8.2,39.48,safe
Ganga_Upstream,5.0,1800,1100.0,30.77,unsafe
Ganga_Upstream,5.0,50,17.6,42.03,unsafe
Ganga_Upstream,7.05,165,11.9,42.79,safe
Ganga_Upstream,7.03,306,1.1,41.13,safe
Ganga_Upstream,7.33,129,20.1,40.83,safe
Ganga_Upstream,6.98,107,0.8,45.02,safe
Ganga_Upstream,7.14,227,5.6,35.11,safe
Ganga_Upstream,6.89,178,14.3,47.04,safe
Ganga_Upstream,6.98,292,13.1,37.97,safe
Ganga_Upstream,7.43,268,12.1,45.14,safe
Ganga_Upstream,6.84,121,13.8,40.41,safe
Ganga_Upstream,7.21,173,7.8,49.69,safe
Ganga_Upstream,7.42,110,1.3,30.44,safe
Ganga_Upstream,6.66,242,17.7,34.15,safe
Ganga_Upstream,6.9,146,9.5,44.84,safe
Ganga_Upstream,7.15,237,5.4,41.71,safe
Ganga_Upstream,7.08,308,8.6,52.22,safe
Ganga_Upstream,7.01,243,4.5,35.95,safe
Ganga_Upstream,6.88,205,10.9,46.3,safe
Ganga_Upstream,7.3,307,3.7,37.7,safe
Ganga_Upstream,7.53,162,16.8,28.99,safe
Ganga_Upstream,7.42,311,9.5,50.71,safe
Ganga_Upstream,7.33,135,13.4,39.45,safe
Ganga_Upstream,6.6,121,5.1,42.11,safe
Ganga_Upstream,6.94,213,0.2,32.96,safe
Ganga_Upstream,7.12,384,1.1,37.76,safe
Ganga_Upstream,7.61,324,11.6,48.26,safe
Ganga_Upstream,7.77,286,9.3,48.17,safe
Ganga_Upstream,7.22,161,2.1,29.71,safe
Ganga_Upstream,7.18,175,14.1,42.59,safe
Ganga_Upstream,6.92,262,10.7,40.58,safe
Ganga_Upstream,6.87,168,15.8,43.06,safe
Ganga_Upstream,10.5,1800,1100.0,0.0,unsafe
Ganga_Upstream,7.47,280,7.5,41.77,safe
Ganga_Upstream,7.35,193,15.4,48.81,safe
Ganga_Upstream,7.0,199,10.2,42.29,safe
Ganga_Upstream,6.79,387,10.1,35.51,safe
Ganga_Upstream,7.13,229,18.3,34.26,safe
Ganga_Upstream,7.22,140,15.1,39.73,safe
Ganga_Upstream,7.03,321,2.1,33.35,safe
Ganga_Upstream,7.74,142,7.6,30.57,safe
Ganga_Upstream,7.38,381,18.8,33.38,safe
Ganga_Upstream,7.63,300,2.9,44.64,safe
Ganga_Upstream,7.17,249,3.1,32.36,safe
Ganga_Upstream,7.49,166,10.7,48.3,safe
Ganga_Upstream,6.78,260,6.3,42.19,safe
Ganga_Upstream,7.34,370,9.4,38.64,safe
Ganga_Upstream,7.73,174,4.8,39.07,safe
Ganga_Upstream,10.5,112,0.0,0.0,unsafe
Ganga_Upstream,7.34,369,13.4,47.47,safe
Ganga_Upstream,7.38,233,2.1,45.27,safe
Ganga_Upstream,6.78,101,11.6,30.49,safe
Ganga_Upstream,6.97,129,17.1,31.81,safe
Ganga_Upstream,7.31,117,3.9,41.61,safe
Ganga_Upstream,7.63,325,10.1,35.14,safe
Ganga_Upstream,7.03,287,8.4,36.94,safe
Ganga_Upstream,7.2,283,0.6,31.87,safe
Ganga_Upstream,7.63,162,7.1,47.41,safe
Ganga_Upstream,6.74,127,3.7,47.6,safe
Ganga_Upstream,10.5,162,0.0,44.12,unsafe
Ganga_Upstream,7.5,135,5.1,36.38,safe
Ganga_Upstream,6.76,169,13.2,34.01,safe
Ganga_Upstream,6.61,178,5.5,48.39,safe
Ganga_Upstream,6.92,297,13.8,32.44,safe
Ganga_Upstream,7.74,129,1.9,41.99,safe
Ganga_Upstream,7.49,169,13.7,43.41,safe
Ganga_Upstream,7.16,296,11.1,31.05,safe
Ganga_Upstream,7.12,372,14.6,39.16,safe
Ganga_Upstream,7.24,231,12.0,51.77,safe
Ganga_Upstream,7.23,383,17.1,34.72,safe
Ganga_Upstream,7.54,241,14.8,45.57,safe
Ganga_Upstream,7.17,305,1.7,39.12,safe
Ganga_Upstream,7.83,310,12.0,31.39,safe
Ganga_Upstream,6.65,353,14.3,41.96,safe
Ganga_Upstream,7.45,211,19.4,49.69,safe
Ganga_Upstream,7.6,386,1.4,35.41,safe
Ganga_Upstream,7.6,324,2.1,48.98,safe
Ganga_Upstream,7.08,244,4.6,44.79,safe
Ganga_Upstream,6.93,151,12.6,33.97,safe
Ganga_Upstream,7.08,274,8.1,41.17,safe
Ganga_Upstream,6.69,202,7.0,41.47,safe
Ganga_Upstream,6.67,288,14.5,37.13,safe
Ganga_Upstream,6.66,308,9.2,47.55,safe
Ganga_Upstream,6.47,398,3.7,38.94,unsafe
Ganga_Upstream,7.04,251,19.3,41.8,safe
Ganga_Upstream,7.4,326,18.6,31.96,safe
Ganga_Upstream,7.22,398,14.2,30.44,safe
Ganga_Upstream,7.4,183,14.4,40.49,safe
Ganga_Upstream,7.0,283,1.4,46.34,safe
Ganga_Upstream,6.91,182,17.8,37.22,safe
Ganga_Upstream,7.04,319,8.5,41.35,safe
Ganga_Upstream,7.36,290,15.0,40.02,safe
Ganga_Upstream,7.68,343,14.6,33.31,safe
Ganga_Upstream,7.05,175,2.7,38.92,safe
Ganga_Upstream,6.65,277,18.7,42.75,safe
Ganga_Upstream,7.19,367,9.4,45.37,safe
Ganga_Upstream,7.23,315,5.2,33.1,safe
Ganga_Upstream,7.05,261,14.9,30.93,safe
Ganga_Upstream,7.15,144,13.5,32.51,safe
Ganga_Upstream,7.19,363,13.4,32.62,safe
Ganga_Upstream,7.24,171,5.6,39.74,safe
Ganga_Upstream,7.3,354,3.7,39.39,safe
Ganga_Upstream,7.07,374,15.1,42.52,safe
Ganga_Upstream,6.84,371,16.6,35.76,safe
Ganga_Upstream,7.18,187,15.8,29.97,safe
Ganga_Upstream,5.0,50,0.1,0.0,unsafe
Ganga_Upstream,6.8,385,5.2,44.32,safe
Ganga_Upstream,7.25,164,14.4,36.78,safe
Ganga_Upstream,7.64,160,18.3,44.29,safe
Ganga_Upstream,6.93,383,5.4,43.12,safe
Ganga_Upstream,7.25,300,4.0,34.19,safe
Ganga_Upstream,7.53,316,3.8,31.88,safe
Ganga_Upstream,7.09,1800,1100.0,0.0,unsafe
Ganga_Upstream,6.81,129,0.2,38.06,safe
Ganga_Upstream,7.05,175,16.3,40.35,safe
Ganga_Upstream,6.72,151,3.1,47.5,safe
Ganga_Upstream,7.13,296,8.1,41.89,safe
Ganga_Upstream,7.0,368,5.5,48.6,safe
Ganga_Upstream,7.04,350,16.3,45.34,safe
Ganga_Upstream,6.66,206,2.4,40.44,safe
Ganga_Upstream,6.99,162,1.1,36.72,safe
Ganga_Upstream,7.17,397,16.8,33.64,safe
Ganga_Upstream,7.5,406,5.7,30.94,safe
Ganga_Upstream,7.12,178,13.0,38.98,safe
Ganga_Upstream,7.11,154,16.9,45.03,safe
Ganga_Upstream,6.67,322,2.9,32.13,safe
Ganga_Upstream,6.89,134,18.5,47.72,safe
Ganga_Upstream,6.99,212,19.2,40.87,safe
Ganga_Upstream,7.56,178,15.1,38.04,safe
Ganga_Upstream,7.39,311,15.8,49.69,safe
Ganga_Upstream,7.16,191,16.9,48.57,safe
Ganga_Upstream,7.5,344,3.9,44.17,safe
Ganga_Upstream,7.66,368,16.0,30.33,safe
Ganga_Upstream,6.61,159,4.4,46.66,safe
Ganga_Upstream,7.3,415,14.0,36.5,safe
Ganga_Upstream,7.05,405,15.3,30.6,safe
Ganga_Upstream,6.77,274,17.4,46.6,safe
Ganga_Upstream,7.39,138,2.6,39.39,safe
Ganga_Upstream,7.2,318,8.2,47.48,safe
Ganga_Upstream,6.76,360,3.6,34.01,safe
Ganga_Upstream,7.15,312,18.7,30.86,safe
Ganga_Upstream,6.68,316,1.5,39.94,safe
Ganga_Upstream,6.73,185,15.5,44.9,safe
Ganga_Upstream,7.16,392,13.5,39.41,safe
Ganga_Upstream,7.19,281,9.3,46.6,safe
Ganga_Upstream,7.45,264,19.0,34.99,safe
Ganga_Upstream,7.05,169,17.8,50.42,safe
Ganga_Upstream,10.5,242,1100.0,35.42,unsafe
Ganga_Upstream,7.67,298,6.2,34.28,safe
Ganga_Upstream,7.0,314,19.1,46.61,safe
Ganga_Upstream,7.67,271,12.2,35.55,safe
Ganga_Upstream,7.38,139,5.5,49.16,safe
Ganga_Upstream,7.37,127,19.4,33.08,safe
Ganga_Upstream,7.27,276,14.8,30.47,safe
Ganga_Upstream,7.44,101,2.0,32.12,safe
Ganga_Upstream,7.11,399,15.3,29.77,safe
Ganga_Upstream,6.92,1800,1100.0,42.55,unsafe
Ganga_Upstream,7.34,116,1.9,43.69,safe
Ganga_Upstream,6.88,263,16.8,39.63,safe
Ganga_Upstream,6.8,251,4.9,47.58,safe
Ganga_Upstream,7.08,368,11.7,45.19,safe
Ganga_Upstream,7.52,403,3.3,33.06,safe
Ganga_Upstream,7.11,342,1.5,40.62,safe
Ganga_Upstream,6.68,387,13.2,38.83,safe
Ganga_Upstream,6.63,212,17.5,36.03,safe
Ganga_Upstream,7.74,163,4.3,32.36,safe
Ganga_Upstream,7.43,135,11.8,50.9,safe
Ganga_Upstream,7.65,152,13.3,47.6,safe
Ganga_Upstream,7.08,199,15.4,49.9,safe
Ganga_Upstream,7.14,269,12.6,37.41,safe
Ganga_Upstream,7.17,325,1.7,30.1,safe
Ganga_Upstream,7.28,263,11.5,37.28,safe
Ganga_Upstream,6.63,210,7.8,34.25,safe
Ganga_Upstream,7.48,207,0.1,34.53,safe
Ganga_Upstream,7.5,152,3.7,40.87,safe
Ganga_Upstream,7.23,214,15.8,43.57,safe
Ganga_Upstream,7.03,349,2.7,48.48,safe
Ganga_Upstream,6.87,121,16.3,33.96,safe
Ganga_Upstream,7.36,141,9.8,40.23,safe
Ganga_Upstream,7.16,284,15.5,35.98,safe
Ganga_Upstream,6.97,243,11.1,31.94,safe
Ganga_Upstream,7.3,294,4.9,41.91,safe
Ganga_Upstream,6.72,303,14.0,34.84,safe
Ganga_Upstream,7.28,271,11.9,46.65,safe
Ganga_Upstream,7.37,242,1.1,35.19,safe
Ganga_Upstream,7.07,356,18.4,36.9,safe
Ganga_Upstream,7.15,399,17.4,42.51,safe
Ganga_Upstream,7.49,119,19.0,46.11,safe
Ganga_Upstream,7.27,230,6.8,46.11,safe
Ganga_Upstream,7.19,135,14.3,41.2,safe
Ganga_Upstream,7.16,290,12.6,35.56,safe
Ganga_Upstream,7.39,112,4.4,32.62,safe
Ganga_Upstream,7.21,397,8.1,49.46,safe
Ganga_Upstream,10.5,50,6.6,0.0,unsafe
Ganga_Upstream,7.03,309,19.1,42.99,safe
Ganga_Upstream,7.61,369,5.7,47.92,safe
Ganga_Upstream,7.52,341,6.1,31.03,safe
Ganga_Upstream,7.32,208,17.0,38.46,safe
Ganga_Upstream,6.91,185,17.5,35.45,safe
Ganga_Upstream,5.0,386,1100.0,0.0,unsafe
Ganga_Upstream,7.19,354,14.3,40.75,safe
Ganga_Upstream,7.13,373,15.4,31.68,safe
Ganga_Upstream,7.05,203,9.5,31.74,safe
Ganga_Upstream,6.77,376,8.2,41.12,safe
Ganga_Upstream,6.83,206,17.1,34.02,safe
Ganga_Upstream,7.55,356,17.9,31.41,safe
Ganga_Upstream,6.96,201,4.8,34.21,safe
Ganga_Rural,5.0,691,1100.0,34.53,unsafe
Ganga_Rural,7.13,617,69.7,34.3,unsafe
Ganga_Rural,6.79,439,58.2,35.54,unsafe
Ganga_Rural,6.77,463,66.7,25.87,unsafe
Ganga_Rural,7.39,323,79.9,28.71,unsafe
Ganga_Rural,7.14,512,34.0,34.59,safe
Ganga_Rural,7.67,321,29.5,34.18,safe
Ganga_Rural,7.37,335,81.3,29.24,unsafe
Ganga_Rural,7.34,50,0.0,0.0,unsafe
Ganga_Rural,5.0,50,0.0,19.59,unsafe
Ganga_Rural,7.47,506,34.2,37.98,safe
Ganga_Rural,7.65,353,98.3,27.63,unsafe
Ganga_Rural,6.57,465,74.2,34.31,unsafe
Ganga_Rural,7.05,396,90.1,38.98,unsafe
Ganga_Rural,6.73,329,65.0,32.73,unsafe
Ganga_Rural,7.25,350,52.5,25.87,safe
Ganga_Rural,7.17,653,66.1,29.76,unsafe
Ganga_Rural,8.03,682,50.0,27.72,unsafe
Ganga_Rural,7.26,648,38.2,33.01,unsafe
Ganga_Rural,7.1,462,78.5,21.92,unsafe
Ganga_Rural,7.02,510,59.8,27.56,unsafe
Ganga_Rural,7.08,633,67.7,36.84,unsafe
Ganga_Rural,8.01,657,35.5,35.2,unsafe
Ganga_Rural,7.04,478,10.2,21.81,safe
Ganga_Rural,7.75,594,51.4,24.42,unsafe
Ganga_Rural,6.69,421,25.6,25.68,safe
Ganga_Rural,7.73,503,75.5,34.86,unsafe
Ganga_Rural,7.32,318,84.6,36.72,unsafe
Ganga_Rural,6.96,312,79.2,33.99,unsafe
Ganga_Rural,6.47,400,50.5,35.66,unsafe
Ganga_Rural,7.53,404,15.1,25.96,safe
Ganga_Rural,5.0,600,1100.0,34.85,unsafe
Ganga_Rural,6.69,349,87.1,28.94,unsafe
Ganga_Rural,7.15,723,74.6,23.87,unsafe
Ganga_Rural,7.05,595,33.8,22.09,safe
Ganga_Rural,7.01,585,68.2,27.33,unsafe
Ganga_Rural,7.5,643,23.9,28.58,unsafe
Ganga_Rural,7.57,478,13.2,36.6,safe
Ganga_Rural,7.12,571,48.2,38.75,safe
Ganga_Rural,7.94,654,59.7,22.19,unsafe
Ganga_Rural,7.56,302,61.8,35.0,unsafe
Ganga_Rural,7.34,570,20.7,29.62,safe
Ganga_Rural,6.96,590,46.5,21.56,safe
Ganga_Rural,5.0,433,78.3,33.34,unsafe
Ganga_Rural,7.43,50,1100.0,0.0,unsafe
Ganga_Rural,8.03,655,95.5,33.11,unsafe
Ganga_Rural,7.51,389,99.3,20.92,unsafe
Ganga_Rural,5.0,50,45.1,32.21,unsafe
Ganga_Rural,7.0,347,29.3,35.6,safe
Ganga_Rural,6.69,309,47.5,22.21,safe
Ganga_Rural,6.98,501,21.4,24.38,safe
Ganga_Rural,7.65,631,82.4,21.03,unsafe
Ganga_Rural,7.13,380,61.2,36.72,unsafe
Ganga_Rural,7.48,408,68.6,38.3,unsafe
Ganga_Rural,10.5,50,0.0,31.29,unsafe
Ganga_Rural,6.78,459,22.7,25.77,safe
Ganga_Rural,7.49,322,79.9,27.1,unsafe
Ganga_Rural,7.04,352,27.4,27.44,safe
Ganga_Rural,7.9,345,26.6,37.37,safe
Ganga_Rural,6.86,444,40.2,26.08,safe
Ganga_Rural,7.1,638,84.8,22.53,unsafe
Ganga_Rural,7.21,360,45.0,35.16,safe
Ganga_Rural,7.36,548,56.2,23.37,unsafe
Ganga_Rural,6.85,505,96.5,23.44,unsafe
Ganga_Rural,7.35,490,12.8,36.68,safe
Ganga_Rural,7.48,540,65.6,20.2,unsafe
Ganga_Rural,7.68,326,80.8,25.65,unsafe
Ganga_Rural,7.96,340,60.6,26.22,unsafe
Ganga_Rural,6.8,700,18.3,29.69,unsafe
Ganga_Rural,6.74,622,71.2,28.49,unsafe
Ganga_Rural,6.81,530,97.7,28.86,unsafe
Ganga_Rural,7.14,693,94.3,38.73,unsafe
Ganga_Rural,7.75,444,69.0,39.62,unsafe
Ganga_Rural,7.1,425,33.4,36.92,safe
Ganga_Rural,7.07,407,52.7,32.48,unsafe
Ganga_Rural,6.52,363,71.0,37.8,safe
Ganga_Rural,7.21,587,29.9,26.47,safe
Ganga_Rural,7.21,510,25.2,35.19,safe
Ganga_Rural,6.63,519,53.7,29.85,unsafe
Ganga_Rural,6.54,452,55.9,40.87,safe
Ganga_Rural,7.09,540,81.7,37.15,unsafe
Ganga_Rural,6.58,536,86.8,26.85,unsafe
Ganga_Rural,7.7,412,28.5,26.35,safe
Ganga_Rural,7.93,352,33.0,36.19,safe
Ganga_Rural,7.96,462,52.0,35.78,safe
Ganga_Rural,6.8,553,41.9,35.06,safe
Ganga_Rural,7.44,651,56.0,38.45,unsafe
Ganga_Rural,6.94,675,71.4,36.38,unsafe
Ganga_Rural,7.8,407,82.7,39.89,unsafe
Ganga_Rural,8.0,387,57.7,28.0,unsafe
Ganga_Rural,7.17,480,58.1,40.25,unsafe
Ganga_Rural,6.79,551,69.2,35.54,unsafe
Ganga_Rural,7.63,364,97.6,33.46,unsafe
Ganga_Rural,6.75,1800,0.0,32.88,unsafe
Ganga_Rural,6.71,372,47.2,34.98,safe
Ganga_Rural,7.17,538,67.2,31.04,unsafe
Ganga_Rural,6.87,621,55.5,22.67,unsafe
Ganga_Rural,7.6,345,43.0,35.53,safe
Ganga_Rural,7.56,425,48.9,33.79,unsafe
Ganga_Rural,7.17,580,77.2,32.29,unsafe
Ganga_Rural,7.99,625,66.2,22.31,unsafe
Ganga_Rural,6.93,501,54.7,25.1,unsafe
Ganga_Rural,7.46,318,89.1,24.01,unsafe
Ganga_Rural,7.33,461,12.0,24.24,safe
Ganga_Rural,7.15,631,65.8,25.53,unsafe
Ganga_Rural,6.87,50,79.3,0.0,unsafe
Ganga_Rural,7.12,523,25.4,31.79,safe
Ganga_Rural,7.62,454,92.5,28.25,unsafe
Ganga_Rural,6.99,447,12.1,32.87,safe
Ganga_Rural,7.03,636,51.6,32.33,unsafe
Ganga_Rural,7.04,565,27.5,29.28,safe
Ganga_Rural,7.15,379,73.8,26.67,unsafe
Ganga_Rural,7.83,328,92.0,29.35,unsafe
Ganga_Rural,7.42,495,90.8,31.2,unsafe
Ganga_Rural,7.43,372,69.3,24.07,unsafe
Ganga_Rural,6.8,359,69.1,38.82,unsafe
Ganga_Rural,7.44,413,30.9,39.06,safe
Ganga_Rural,7.69,348,46.0,29.72,safe
Ganga_Rural,7.64,351,41.4,36.42,safe
Ganga_Rural,7.41,484,50.0,22.32,unsafe
Ganga_Rural,7.07,592,61.1,20.53,unsafe
Ganga_Rural,7.51,353,76.3,35.47,unsafe
Ganga_Rural,6.84,491,95.0,39.65,unsafe
Ganga_Rural,7.63,449,86.1,31.08,unsafe
Ganga_Rural,6.92,637,33.1,24.39,safe
Ganga_Rural,7.44,680,46.5,38.06,unsafe
Ganga_Rural,7.47,523,11.0,39.74,safe
Ganga_Rural,7.07,427,68.7,32.61,unsafe
Ganga_Rural,7.37,351,52.7,31.43,unsafe
Ganga_Rural,6.69,659,12.6,36.18,unsafe
Ganga_Rural,10.5,50,0.0,21.68,unsafe
Ganga_Rural,7.23,339,84.8,20.27,unsafe
Ganga_Rural,7.48,469,11.8,28.01,safe
Ganga_Rural,7.45,614,94.4,20.9,unsafe
Ganga_Rural,7.76,462,22.0,32.64,safe
Ganga_Rural,6.53,692,62.3,25.46,unsafe
Ganga_Rural,6.98,705,41.9,33.68,unsafe
Ganga_Rural,6.89,443,14.1,30.6,safe
Ganga_Rural,7.61,369,38.9,34.31,safe
Ganga_Rural,7.81,532,46.2,36.04,safe
Ganga_Rural,6.88,389,92.1,20.88,unsafe
Ganga_Rural,7.07,432,10.2,21.89,safe
Ganga_Rural,7.01,428,43.7,32.18,safe
Ganga_Rural,6.98,671,84.0,21.95,unsafe
Ganga_Rural,7.02,353,45.4,38.78,safe
Ganga_Rural,6.99,493,91.1,24.39,unsafe
Ganga_Rural,8.06,322,66.3,25.38,unsafe
Ganga_Rural,7.17,465,47.9,24.42,safe
Ganga_Rural,7.22,326,23.9,28.15,safe
Ganga_Rural,7.45,651,32.9,25.42,unsafe
Ganga_Rural,6.95,443,60.5,29.04,unsafe
Ganga_Rural,7.94,612,86.0,26.4,unsafe
Ganga_Rural,7.06,627,39.2,28.99,unsafe
Ganga_Rural,7.13,439,31.8,23.74,safe
Ganga_Rural,7.05,592,80.7,28.43,unsafe
Ganga_Rural,7.49,626,54.4,21.74,unsafe
Ganga_Rural,6.9,509,47.2,20.55,safe
Ganga_Rural,7.73,464,69.0,22.02,unsafe
Ganga_Rural,5.0,50,1100.0,28.18,unsafe
Ganga_Rural,7.13,572,57.3,37.34,safe
Ganga_Rural,6.92,658,47.6,31.87,safe
Ganga_Rural,7.4,720,47.0,26.16,safe
Ganga_Rural,6.9,544,34.0,24.21,safe
Ganga_Rural,5.0,566,0.0,0.0,unsafe
Ganga_Rural,7.79,648,87.4,31.38,unsafe
Ganga_Rural,7.37,506,59.4,25.45,unsafe
Ganga_Rural,10.5,50,0.0,24.82,unsafe
Ganga_Rural,7.55,292,28.4,39.84,safe
Ganga_Rural,6.49,699,67.9,30.9,unsafe
Ganga_Rural,7.23,308,87.5,35.65,unsafe
Ganga_Rural,6.75,342,75.6,25.01,unsafe
Ganga_Rural,6.92,407,90.3,28.46,unsafe
Ganga_Rural,7.2,396,21.0,37.4,safe
Ganga_Rural,6.75,537,46.6,33.29,safe
Ganga_Rural,7.24,355,39.0,23.81,safe
Ganga_Rural,7.13,480,18.6,34.17,safe
Ganga_Rural,7.61,549,66.1,27.32,unsafe
Ganga_Rural,7.62,421,37.6,40.38,safe
Ganga_Rural,7.4,294,47.7,28.58,safe
Ganga_Rural,6.83,610,23.3,34.18,unsafe
Ganga_Rural,6.92,349,46.0,29.93,safe
Ganga_Rural,6.85,617,43.4,39.37,unsafe
Ganga_Rural,7.79,313,35.9,30.37,safe
Ganga_Rural,7.71,589,38.8,34.15,safe
Ganga_Rural,7.12,507,57.2,30.15,unsafe
Ganga_Rural,10.5,1800,0.0,0.0,unsafe
Ganga_Rural,7.35,398,23.2,31.78,safe
Ganga_Rural,7.54,320,18.7,34.65,safe
Ganga_Rural,7.78,512,38.5,37.41,safe
Ganga_Rural,7.25,641,18.0,21.94,unsafe
Ganga_Rural,7.53,309,48.4,24.09,unsafe
Ganga_Rural,6.61,580,56.9,25.11,unsafe
Ganga_Rural,7.04,543,41.3,28.17,safe
Ganga_Rural,10.5,312,1100.0,0.0,unsafe
Ganga_Rural,6.77,543,16.1,20.84,safe
Ganga_Rural,6.9,494,32.7,21.34,safe
Ganga_Rural,7.89,393,10.4,31.7,safe
Ganga_Rural,7.38,394,80.7,30.07,unsafe
Ganga_Rural,7.09,620,83.6,34.31,unsafe
Ganga_Rural,7.28,605,45.9,32.12,unsafe
Ganga_Rural,7.43,333,43.9,34.71,safe
Ganga_Rural,7.35,467,78.1,34.6,unsafe
Ganga_Rural,6.77,454,17.7,39.42,safe
Ganga_Rural,7.72,376,89.6,28.07,unsafe
Ganga_Rural,7.49,384,101.1,23.95,unsafe
Ganga_Rural,6.98,632,24.5,33.75,unsafe
Ganga_Rural,6.94,370,43.5,30.92,safe
Ganga_Rural,7.1,471,36.6,31.55,safe
Ganga_Rural,7.68,332,25.0,20.88,safe
Ganga_Rural,6.93,305,33.4,36.71,safe
Ganga_Rural,6.84,676,81.0,32.67,unsafe
Ganga_Rural,10.5,1800,1100.0,0.0,unsafe
Ganga_Rural,7.83,430,56.2,31.13,unsafe
Ganga_Rural,7.54,577,42.5,37.57,safe
Ganga_Rural,7.17,1800,1100.0,0.0,unsafe
Ganga_Rural,6.98,631,16.9,28.46,unsafe
Ganga_Rural,7.03,654,42.1,34.13,unsafe
Ganga_Rural,7.59,302,40.8,38.87,safe
Ganga_Rural,6.62,652,29.8,28.28,unsafe
Ganga_Rural,7.0,408,37.5,33.83,safe
Ganga_Rural,6.67,406,45.0,22.8,safe
Ganga_Rural,6.96,502,49.1,23.03,safe
Ganga_Rural,7.16,311,95.2,31.67,unsafe
Ganga_Rural,7.02,532,78.5,28.57,unsafe
Ganga_Rural,7.1,330,84.1,26.37,unsafe
Ganga_Rural,7.58,555,21.3,29.43,unsafe
Ganga_Rural,7.52,470,12.1,28.08,safe
Ganga_Rural,6.61,426,62.6,23.51,unsafe
Ganga_Rural,7.97,584,83.1,30.99,unsafe
Ganga_Rural,7.36,400,41.8,26.63,safe
Ganga_Rural,7.78,453,61.4,36.37,unsafe
Ganga_Rural,6.91,453,45.6,25.59,safe
Ganga_Rural,7.11,650,49.0,22.16,unsafe
Ganga_Rural,7.21,441,57.5,34.94,unsafe
Ganga_Rural,6.6,544,73.7,20.53,unsafe
Ganga_Rural,6.82,538,87.5,25.33,unsafe
Ganga_Rural,7.11,450,41.2,27.07,safe
Ganga_Rural,7.5,362,32.3,38.99,safe
Ganga_Rural,7.04,50,0.0,39.1,unsafe
Ganga_Rural,6.98,490,91.2,36.5,unsafe
Ganga_Rural,7.74,534,83.6,31.59,unsafe
Ganga_Rural,7.45,450,61.5,26.18,unsafe
Ganga_Rural,7.28,575,88.6,29.65,unsafe
Ganga_Rural,7.75,506,72.0,26.85,unsafe
Ganga_Rural,6.77,519,79.7,19.73,unsafe
Ganga_Rural,7.47,584,87.0,25.34,unsafe
Ganga_Rural,6.84,653,24.1,36.79,unsafe
Ganga_Rural,7.35,590,100.6,31.04,unsafe
Ganga_Rural,6.59,434,50.6,22.79,unsafe
Ganga_Rural,7.07,649,45.2,20.03,unsafe
Ganga_Rural,6.74,646,11.1,30.49,unsafe
Ganga_Rural,7.1,370,80.4,35.59,unsafe
Ganga_Rural,6.8,663,63.4,27.29,unsafe
Ganga_Rural,7.57,382,92.6,24.23,unsafe
Ganga_Rural,7.48,539,46.0,30.78,safe
Ganga_Rural,7.26,592,36.7,24.01,safe
Ganga_Rural,6.74,664,95.0,38.78,unsafe
Ganga_Rural,5.0,684,1100.0,0.0,unsafe
Ganga_Rural,7.43,582,87.5,38.2,unsafe
Ganga_Rural,7.47,417,37.0,36.33,safe
Ganga_Rural,6.93,683,60.6,32.1,unsafe
Ganga_Rural,7.71,416,67.5,31.59,unsafe
Ganga_Rural,7.29,679,67.2,41.14,unsafe
Ganga_Rural,6.94,712,87.5,28.14,unsafe
Ganga_Rural,7.48,582,55.7,30.58,unsafe
Ganga_Rural,7.53,615,64.5,30.5,safe
Ganga_Rural,7.03,440,17.0,20.56,safe
Ganga_Rural,7.22,560,27.9,25.76,safe
Ganga_Rural,5.0,50,47.5,0.0,unsafe
Ganga_Rural,7.98,678,64.5,29.14,unsafe
Ganga_Rural,7.26,664,74.5,34.64,unsafe
Ganga_Rural,7.86,522,61.3,35.23,unsafe
Ganga_Rural,7.54,580,48.5,33.43,safe
Ganga_Rural,6.7,531,75.3,36.12,unsafe
Ganga_Rural,6.73,470,24.2,23.82,safe
Ganga_Rural,7.12,349,58.6,25.19,unsafe
Ganga_Rural,8.07,376,85.5,23.17,unsafe
Ganga_Rural,7.33,364,16.2,38.04,safe
Ganga_Rural,7.18,507,45.0,29.96,unsafe
Ganga_Rural,7.82,382,16.1,22.1,safe
Ganga_Rural,7.95,701,48.2,39.49,unsafe
Ganga_Rural,7.51,1800,0.0,35.97,unsafe
Ganga_Rural,7.34,348,49.0,38.27,safe
Ganga_Rural,6.78,460,52.3,36.73,unsafe
Ganga_Rural,7.07,372,93.5,25.73,unsafe
Ganga_Rural,6.63,374,51.3,37.65,unsafe
Ganga_Rural,7.28,433,38.7,37.48,safe
Ganga_Rural,5.0,391,44.3,35.73,unsafe
Ganga_Rural,7.61,356,96.8,27.33,unsafe
Ganga_Rural,7.56,390,23.6,28.17,safe
Ganga_Rural,7.16,545,45.2,35.4,safe
Ganga_Rural,6.77,497,32.1,25.03,safe
Ganga_Rural,10.5,636,0.0,0.0,unsafe
Ganga_Rural,7.73,383,13.1,39.74,safe
Ganga_Rural,6.99,683,67.9,25.58,unsafe
Ganga_Rural,6.77,328,21.6,33.38,safe
Ganga_Rural,7.43,722,29.8,29.87,unsafe
Ganga_Rural,7.14,372,44.1,27.8,safe
Ganga_Rural,7.36,452,77.6,24.09,unsafe
Ganga_Rural,7.45,505,21.8,34.56,safe
Ganga_Rural,7.32,707,21.6,35.21,unsafe
Ganga_Rural,7.17,507,92.8,36.75,unsafe
Ganga_Rural,7.53,328,93.8,25.5,unsafe
Ganga_Rural,6.52,1800,0.0,21.83,unsafe
Ganga_Rural,7.47,430,49.1,33.45,safe
Ganga_Rural,7.67,629,50.5,20.62,unsafe
Ganga_Rural,6.75,334,24.2,38.04,safe
Ganga_Rural,7.77,337,54.1,31.01,safe
Ganga_Rural,7.08,429,21.7,23.46,safe
Ganga_Rural,7.45,648,55.4,33.89,safe
Ganga_Rural,7.23,548,22.3,37.86,safe
Ganga_Rural,7.13,616,12.7,27.62,unsafe
Ganga_Rural,6.77,555,18.7,26.32,safe
Ganga_Rural,7.33,408,77.2,34.79,unsafe
Ganga_Rural,7.18,541,76.4,24.9,unsafe
Ganga_Rural,7.93,321,30.5,33.54,safe
Ganga_Rural,6.98,556,44.1,29.65,safe
Ganga_Rural,6.85,419,62.7,25.31,unsafe
Ganga_Rural,7.38,405,55.2,39.31,unsafe
Ganga_Rural,7.7,659,57.0,38.0,unsafe
Ganga_Rural,7.12,666,36.0,32.66,unsafe
Ganga_Rural,7.73,364,70.7,31.48,unsafe
Ganga_Rural,10.5,535,42.6,34.5,unsafe
Ganga_Rural,7.64,368,49.6,38.47,safe
Ganga_Rural,7.51,670,87.7,34.41,unsafe
Ganga_Rural,7.09,308,32.9,25.94,safe
Ganga_Rural,6.69,533,49.3,32.84,safe
Ganga_Rural,7.56,418,50.5,26.66,unsafe
Ganga_Rural,7.14,520,33.7,23.81,safe
Ganga_Rural,6.64,530,47.0,35.24,safe
Ganga_Rural,6.97,327,20.7,26.76,safe
Ganga_Rural,7.53,639,96.6,24.88,unsafe
Ganga_Rural,7.44,498,93.5,31.08,unsafe
Ganga_Rural,6.76,375,93.6,39.95,unsafe
Ganga_Rural,7.31,447,102.3,39.79,unsafe
Ganga_Rural,7.46,639,56.1,34.61,unsafe
Ganga_Rural,7.51,495,54.4,25.75,unsafe
Ganga_Rural,6.75,447,54.3,33.9,unsafe
Ganga_Rural,6.87,457,94.2,40.79,unsafe
Ganga_Rural,7.46,535,82.5,40.14,unsafe
Ganga_Rural,7.84,476,70.5,26.48,unsafe
Ganga_Rural,7.29,539,29.4,37.64,safe
Ganga_Rural,6.8,544,72.5,38.11,unsafe
Ganga_Rural,7.56,408,28.8,22.17,safe
Ganga_Rural,6.8,366,36.4,39.91,safe
Ganga_Rural,6.56,643,13.6,38.51,unsafe
Ganga_Rural,7.85,597,30.1,30.44,safe
Ganga_Rural,7.51,498,82.1,19.64,unsafe
Ganga_Rural,6.71,590,85.8,27.19,unsafe
Ganga_Rural,6.93,354,68.6,27.37,unsafe
Ganga_Rural,7.43,343,42.4,21.85,safe
Ganga_Rural,7.1,657,87.1,27.88,unsafe
Ganga_Rural,6.96,605,30.5,30.81,unsafe
Ganga_Rural,7.11,611,41.2,19.3,unsafe
Ganga_Rural,6.96,693,23.0,37.15,unsafe
Ganga_Rural,7.64,626,44.5,24.95,unsafe
Ganga_Rural,7.28,448,72.0,25.66,unsafe
Ganga_Rural,7.29,687,46.2,37.34,unsafe
Ganga_Rural,7.61,430,72.4,20.26,unsafe
Ganga_Rural,6.75,693,92.8,40.72,unsafe
Ganga_Rural,7.71,466,87.6,31.47,unsafe
Ganga_Rural,7.4,655,96.7,27.32,unsafe
Ganga_Rural,7.6,412,35.2,22.05,safe
Ganga_Rural,6.93,323,88.3,37.69,unsafe
Ganga_Rural,7.65,432,33.5,22.6,safe
Ganga_Rural,6.94,638,59.8,39.48,unsafe
Ganga_Rural,7.17,530,49.4,37.42,safe
Ganga_Rural,8.08,539,82.6,29.76,unsafe
Ganga_Rural,7.49,371,81.5,24.84,unsafe
Ganga_Rural,7.51,551,91.3,31.29,unsafe
Ganga_Rural,7.76,497,67.8,37.05,unsafe
Ganga_Rural,7.95,427,42.7,38.39,safe
Ganga_Rural,7.65,655,82.3,32.36,unsafe
Ganga_Rural,6.83,442,37.5,32.94,safe
Ganga_Rural,7.81,455,25.1,34.04,safe
Ganga_Rural,7.06,373,23.2,27.28,safe
Ganga_Rural,7.71,312,78.4,28.84,unsafe
Ganga_Rural,7.22,385,17.7,36.88,safe
Ganga_Rural,5.0,322,62.7,0.0,unsafe
Ganga_Rural,6.8,570,40.5,26.42,safe
Ganga_Rural,7.81,543,42.1,34.3,safe
Ganga_Rural,7.91,704,99.5,32.28,unsafe
Ganga_Rural,6.98,424,17.7,22.11,safe
Ganga_Rural,7.54,528,1100.0,0.0,unsafe
Ganga_Rural,7.68,305,61.3,20.67,unsafe
Ganga_Rural,7.22,365,98.8,36.57,unsafe
Ganga_Rural,5.0,459,35.7,20.37,unsafe
Ganga_Rural,7.31,561,16.4,31.83,safe
Ganga_Rural,7.66,389,97.7,26.14,unsafe
Ganga_Rural,6.93,595,23.9,28.78,safe
Ganga_Rural,6.59,520,67.9,37.47,unsafe
Ganga_Rural,6.77,505,91.8,35.72,unsafe
Ganga_Rural,7.33,490,13.1,32.93,safe
Ganga_Rural,6.77,455,62.6,33.16,unsafe
Ganga_Rural,6.67,477,45.3,37.13,safe
Ganga_Rural,6.59,387,28.8,36.01,safe
Ganga_Rural,5.0,630,1100.0,0.0,unsafe
Ganga_Rural,6.81,458,66.6,24.29,unsafe
Ganga_Rural,7.25,601,94.7,21.33,safe
Ganga_Rural,7.99,552,61.3,34.51,unsafe
Ganga_Midstream,7.43,667,119.0,23.66,unsafe
Ganga_Midstream,7.77,354,172.8,32.92,unsafe
Ganga_Midstream,6.97,556,69.1,33.15,safe
Ganga_Midstream,7.13,296,83.6,25.44,unsafe
Ganga_Midstream,8.25,629,126.3,30.56,unsafe
Ganga_Midstream,6.95,737,184.9,25.76,unsafe
Ganga_Midstream,7.42,492,103.2,33.16,unsafe
Ganga_Midstream,6.83,678,87.5,21.23,unsafe
Ganga_Midstream,6.97,754,111.2,21.54,unsafe
Ganga_Midstream,6.94,425,159.4,26.93,unsafe
Ganga_Midstream,8.07,358,70.2,25.93,unsafe
Ganga_Midstream,7.11,549,160.6,19.73,unsafe
Ganga_Midstream,7.39,819,73.1,26.93,unsafe
Ganga_Midstream,6.89,558,196.1,26.02,unsafe
Ganga_Midstream,6.91,666,45.2,30.86,unsafe
Ganga_Midstream,7.16,540,42.9,29.72,safe
Ganga_Midstream,8.07,377,109.3,25.22,unsafe
Ganga_Midstream,7.3,442,56.5,30.75,unsafe
Ganga_Midstream,7.13,737,55.3,34.65,unsafe
Ganga_Midstream,7.51,667,132.1,29.63,unsafe
Ganga_Midstream,6.75,756,89.5,24.1,unsafe
Ganga_Midstream,7.53,791,64.4,24.64,unsafe
Ganga_Midstream,6.53,764,182.0,29.09,unsafe
Ganga_Midstream,6.33,609,133.7,19.57,unsafe
Ganga_Midstream,6.93,707,186.1,24.36,unsafe
Ganga_Midstream,6.67,611,54.8,23.83,unsafe
Ganga_Midstream,7.96,535,169.2,20.92,unsafe
Ganga_Midstream,7.27,558,119.6,33.5,unsafe
Ganga_Midstream,6.6,463,173.3,33.43,unsafe
Ganga_Midstream,7.61,470,29.4,26.22,safe
Ganga_Midstream,7.12,485,74.0,31.82,unsafe
Ganga_Midstream,7.29,574,40.8,31.31,safe
Ganga_Midstream,8.29,364,51.2,0.0,unsafe
Ganga_Midstream,6.46,383,148.0,23.96,unsafe
Ganga_Midstream,6.91,593,154.9,31.51,unsafe
Ganga_Midstream,8.1,557,179.8,23.05,unsafe
Ganga_Midstream,7.97,533,202.7,30.89,unsafe
Ganga_Midstream,7.32,312,131.7,28.33,unsafe
Ganga_Midstream,7.1,594,157.5,29.82,unsafe
Ganga_Midstream,7.25,762,78.3,33.36,unsafe
Ganga_Midstream,7.69,520,103.3,22.83,unsafe
Ganga_Midstream,6.96,524,86.2,32.79,unsafe
Ganga_Midstream,7.84,493,26.5,26.6,safe
Ganga_Midstream,6.98,666,65.4,34.7,unsafe
Ganga_Midstream,7.87,714,192.2,30.29,unsafe
Ganga_Midstream,6.34,536,29.3,33.56,unsafe
Ganga_Midstream,6.49,553,166.1,24.15,safe
Ganga_Midstream,8.05,396,162.8,30.25,unsafe
Ganga_Midstream,8.19,320,71.3,21.72,unsafe
Ganga_Midstream,7.03,403,188.0,24.5,unsafe
Ganga_Midstream,6.96,651,73.1,21.1,unsafe
Ganga_Midstream,7.82,325,101.9,24.32,unsafe
Ganga_Midstream,6.48,401,33.2,30.57,unsafe
Ganga_Midstream,7.49,702,120.5,33.72,unsafe
Ganga_Midstream,6.28,482,129.8,32.91,unsafe
Ganga_Midstream,6.55,489,88.1,33.47,unsafe
Ganga_Midstream,7.09,356,137.8,31.03,unsafe
Ganga_Midstream,6.93,676,63.8,30.37,unsafe
Ganga_Midstream,7.04,354,77.3,28.19,unsafe
Ganga_Midstream,7.15,352,189.5,34.51,unsafe
Ganga_Midstream,8.01,464,105.1,30.48,unsafe
Ganga_Midstream,7.57,580,110.0,34.44,unsafe
Ganga_Midstream,7.58,360,123.5,30.1,unsafe
Ganga_Midstream,7.5,456,115.4,20.43,unsafe
Ganga_Midstream,7.55,648,108.4,26.13,unsafe
Ganga_Midstream,7.66,446,105.6,25.14,unsafe
Ganga_Midstream,7.9,593,101.7,28.27,unsafe
Ganga_Midstream,6.94,568,167.0,29.62,unsafe
Ganga_Midstream,7.13,452,42.7,19.64,safe
Ganga_Midstream,6.96,500,158.9,27.74,unsafe
Ganga_Midstream,7.43,762,27.6,28.77,unsafe
Ganga_Midstream,7.36,750,22.1,27.98,unsafe
Ganga_Midstream,7.99,576,189.2,26.95,safe
Ganga_Midstream,7.7,750,182.4,33.16,unsafe
Ganga_Midstream,7.67,623,123.2,22.8,unsafe
Ganga_Midstream,7.38,770,175.7,33.9,unsafe
Ganga_Midstream,6.72,476,40.0,30.38,safe
Ganga_Midstream,10.5,528,1100.0,0.0,unsafe
Ganga_Midstream,7.49,443,75.0,27.71,unsafe
Ganga_Midstream,7.04,777,41.9,30.77,unsafe
Ganga_Midstream,7.65,798,58.2,27.16,unsafe
Ganga_Midstream,6.24,416,85.9,34.02,unsafe
Ganga_Midstream,8.06,662,166.0,22.85,unsafe
Ganga_Midstream,6.42,597,186.8,29.42,unsafe
Ganga_Midstream,8.03,517,92.1,28.47,unsafe
Ganga_Midstream,7.85,313,96.0,32.98,unsafe
Ganga_Midstream,7.66,452,73.1,20.39,unsafe
Ganga_Midstream,7.06,359,96.8,31.19,unsafe
Ganga_Midstream,6.87,374,20.7,31.96,safe
Ganga_Midstream,7.6,753,39.0,20.95,unsafe
Ganga_Midstream,6.96,614,134.7,32.84,unsafe
Ganga_Midstream,7.8,665,70.2,24.31,unsafe
Ganga_Midstream,7.5,765,100.6,33.04,unsafe
Ganga_Midstream,8.11,750,182.4,22.67,unsafe
Ganga_Midstream,6.48,609,110.8,24.26,safe
Ganga_Midstream,7.1,777,50.0,26.75,unsafe
Ganga_Midstream,7.06,491,24.1,29.93,safe
Ganga_Midstream,6.9,408,180.5,30.64,unsafe
Ganga_Midstream,6.89,404,54.3,21.89,unsafe
Ganga_Midstream,6.29,534,37.3,27.24,unsafe
Ganga_Midstream,7.74,605,134.8,33.19,unsafe
Ganga_Midstream,8.55,577,151.6,34.51,safe
Ganga_Midstream,7.08,772,180.2,21.59,unsafe
Ganga_Midstream,8.01,513,199.5,21.35,unsafe
Ganga_Midstream,8.25,672,183.2,20.26,unsafe
Ganga_Midstream,7.14,571,96.0,27.32,safe
Ganga_Midstream,7.26,347,129.1,24.85,unsafe
Ganga_Midstream,6.38,655,115.2,34.07,unsafe
Ganga_Midstream,8.33,742,51.5,30.86,unsafe
Ganga_Midstream,6.82,526,113.9,25.42,unsafe
Ganga_Midstream,6.31,462,25.7,28.36,unsafe
Ganga_Midstream,7.83,615,37.6,29.46,unsafe
Ganga_Midstream,6.38,402,112.5,32.3,unsafe
Ganga_Midstream,7.76,438,50.3,31.8,safe
Ganga_Midstream,6.5,549,184.6,20.17,unsafe
Ganga_Midstream,7.85,604,138.0,31.24,safe
Ganga_Midstream,7.87,368,46.7,34.34,safe
Ganga_Midstream,6.83,556,43.6,31.14,safe
Ganga_Midstream,7.59,721,178.9,31.02,unsafe
Ganga_Midstream,6.61,702,87.7,22.37,unsafe
Ganga_Midstream,7.84,670,21.8,30.41,unsafe
Ganga_Midstream,6.46,600,45.5,22.64,unsafe
Ganga_Midstream,8.07,507,201.4,21.0,unsafe
Ganga_Midstream,7.28,732,149.8,27.4,unsafe
Ganga_Midstream,6.66,469,49.1,32.82,safe
Ganga_Midstream,6.82,444,145.5,24.67,unsafe
Ganga_Midstream,6.52,569,43.4,23.91,safe
Ganga_Midstream,7.39,667,127.1,30.18,unsafe
Ganga_Midstream,5.0,1800,179.0,0.0,unsafe
Ganga_Midstream,7.83,438,36.8,31.96,safe
Ganga_Midstream,7.0,369,103.8,32.83,unsafe
Ganga_Midstream,6.74,402,165.3,30.95,unsafe
Ganga_Midstream,5.0,646,1100.0,0.0,unsafe
Ganga_Midstream,6.88,464,117.0,29.12,unsafe
Ganga_Midstream,7.52,351,188.0,34.78,unsafe
Ganga_Midstream,8.22,498,158.3,22.85,unsafe
Ganga_Midstream,6.78,637,109.6,30.9,unsafe
Ganga_Midstream,8.13,411,34.8,33.47,safe
Ganga_Midstream,6.44,784,29.3,33.95,unsafe
Ganga_Midstream,7.29,555,76.3,25.78,unsafe
Ganga_Midstream,8.27,757,56.0,33.16,unsafe
Ganga_Midstream,7.43,613,97.1,23.53,unsafe
Ganga_Midstream,6.91,359,100.2,29.83,unsafe
Ganga_Midstream,6.6,469,73.8,27.64,unsafe
Ganga_Midstream,8.04,662,29.3,22.96,unsafe
Ganga_Midstream,7.54,722,42.7,34.94,unsafe
Ganga_Midstream,10.5,409,0.0,0.0,unsafe
Ganga_Midstream,6.42,595,58.6,24.52,safe
Ganga_Midstream,7.12,406,114.9,34.5,unsafe
Ganga_Midstream,7.21,421,72.8,21.88,unsafe
Ganga_Midstream,6.65,503,51.6,24.3,safe
Ganga_Midstream,8.15,534,186.2,21.11,unsafe
Ganga_Midstream,7.04,335,132.1,27.57,unsafe
Ganga_Midstream,7.9,543,183.7,21.41,unsafe
Ganga_Midstream,7.92,317,158.7,27.37,unsafe
Ganga_Midstream,7.19,509,90.5,25.3,unsafe
Ganga_Midstream,6.68,587,101.6,31.21,unsafe
Ganga_Midstream,7.03,625,115.3,24.09,unsafe
Ganga_Midstream,8.32,783,100.8,27.12,unsafe
Ganga_Midstream,7.54,683,170.4,19.85,unsafe
Ganga_Midstream,7.78,596,103.8,33.86,unsafe
Ganga_Midstream,6.57,516,84.4,26.51,unsafe
Ganga_Midstream,7.69,467,99.2,24.58,unsafe
Ganga_Midstream,6.93,719,79.4,29.3,unsafe
Ganga_Midstream,6.86,433,140.9,34.08,unsafe
Ganga_Midstream,7.03,669,66.2,25.25,unsafe
Ganga_Midstream,8.1,374,151.5,35.08,unsafe
Ganga_Midstream,10.5,1800,31.0,0.0,unsafe
Ganga_Midstream,7.15,421,120.3,33.72,unsafe
Ganga_Midstream,6.89,578,75.2,25.75,unsafe
Ganga_Midstream,6.9,352,56.5,29.54,unsafe
Ganga_Midstream,6.75,559,95.2,26.87,unsafe
Ganga_Midstream,7.57,527,115.5,30.01,unsafe
Ganga_Midstream,7.02,403,38.9,34.37,safe
Ganga_Midstream,8.24,429,46.3,26.19,safe
Ganga_Midstream,6.47,702,23.6,35.19,safe
Ganga_Midstream,7.49,734,65.1,26.11,unsafe
Ganga_Midstream,7.78,628,146.1,28.63,unsafe
Ganga_Midstream,6.61,539,91.1,25.87,unsafe
Ganga_Midstream,6.7,676,131.5,24.69,unsafe
Ganga_Midstream,7.45,475,174.9,27.34,unsafe
Ganga_Midstream,10.5,50,1100.0,28.16,unsafe
Ganga_Midstream,7.65,547,84.4,32.09,unsafe
Ganga_Midstream,8.16,615,85.4,34.62,unsafe
Ganga_Midstream,6.88,555,43.7,28.23,safe
Ganga_Midstream,8.06,372,135.7,32.34,unsafe
Ganga_Midstream,6.61,423,166.3,31.94,unsafe
Ganga_Midstream,6.69,1800,1100.0,0.0,unsafe
Ganga_Midstream,8.0,728,143.5,29.1,unsafe
Ganga_Midstream,6.74,454,78.9,34.61,unsafe
Ganga_Midstream,7.08,530,102.7,32.96,unsafe
Ganga_Midstream,6.8,535,125.8,19.51,unsafe
Ganga_Midstream,6.85,491,56.0,31.17,unsafe
Ganga_Midstream,8.13,657,190.7,26.53,unsafe
Ganga_Midstream,6.65,656,123.8,31.62,unsafe
Ganga_Midstream,7.92,610,160.8,29.86,unsafe
Ganga_Midstream,7.26,419,85.3,28.8,unsafe
Ganga_Midstream,7.47,642,159.6,23.39,unsafe
Ganga_Midstream,7.39,381,61.1,33.55,unsafe
Ganga_Midstream,7.46,316,132.5,33.6,unsafe
Ganga_Midstream,7.38,490,97.9,33.51,unsafe
Ganga_Midstream,10.5,50,1100.0,0.0,unsafe
Ganga_Midstream,6.75,368,113.0,21.6,unsafe
Ganga_Midstream,6.36,324,23.6,25.66,unsafe
Ganga_Midstream,7.6,538,56.1,27.23,unsafe
Ganga_Midstream,8.08,413,120.6,33.71,unsafe
Ganga_Midstream,6.25,708,191.3,21.11,unsafe
Ganga_Midstream,8.49,584,42.7,26.62,unsafe
Ganga_Midstream,8.45,659,1100.0,33.01,unsafe
Ganga_Midstream,7.65,468,175.2,28.58,unsafe
Ganga_Midstream,8.14,600,43.9,27.79,unsafe
Ganga_Midstream,6.91,534,124.8,24.61,unsafe
Ganga_Midstream,7.16,478,88.6,27.56,unsafe
Ganga_Midstream,7.34,520,164.3,20.51,unsafe
Ganga_Midstream,8.03,752,126.7,27.6,unsafe
Ganga_Midstream,7.59,481,32.4,33.9,safe
Ganga_Midstream,7.2,511,53.1,20.27,unsafe
Ganga_Midstream,6.98,444,172.3,19.54,unsafe
Ganga_Midstream,8.08,361,70.2,21.43,unsafe
Ganga_Midstream,7.34,680,165.4,25.04,unsafe
Ganga_Midstream,6.45,708,99.8,28.6,unsafe
Ganga_Midstream,6.92,336,77.5,30.39,unsafe
Ganga_Midstream,8.08,548,148.6,33.1,unsafe
Ganga_Midstream,7.14,545,97.5,25.39,unsafe
Ganga_Midstream,6.87,388,116.3,30.59,unsafe
Ganga_Midstream,6.45,473,167.9,32.36,unsafe
Ganga_Midstream,7.6,546,44.2,30.65,safe
Ganga_Midstream,10.5,436,170.0,25.23,unsafe
Ganga_Midstream,8.01,488,35.7,28.62,safe
Ganga_Midstream,7.57,502,206.0,32.46,unsafe
Ganga_Midstream,7.85,577,79.0,20.62,unsafe
Ganga_Midstream,6.65,654,24.6,33.11,unsafe
Ganga_Midstream,7.79,455,123.9,25.56,unsafe
Ganga_Midstream,6.48,406,29.4,22.27,unsafe
Ganga_Midstream,7.09,342,69.7,26.96,unsafe
Ganga_Midstream,6.98,765,42.6,34.35,unsafe
Ganga_Midstream,7.99,524,163.8,33.54,unsafe
Ganga_Midstream,6.73,334,58.1,26.12,unsafe
Ganga_Midstream,6.73,541,87.5,29.81,unsafe
Ganga_Midstream,6.71,466,62.6,22.26,unsafe
Ganga_Midstream,7.17,593,176.3,23.23,unsafe
Ganga_Midstream,7.68,591,150.9,28.18,unsafe
Ganga_Midstream,6.52,752,102.0,26.87,unsafe
Ganga_Midstream,7.19,544,116.9,20.62,unsafe
Ganga_Midstream,7.49,536,183.3,23.44,unsafe
Ganga_Midstream,8.18,666,173.2,28.23,unsafe
Ganga_Midstream,6.72,799,162.8,28.67,unsafe
Ganga_Midstream,7.28,623,65.8,29.66,unsafe
Ganga_Midstream,8.5,376,182.3,36.53,unsafe
Ganga_Midstream,6.45,798,38.4,23.62,unsafe
Ganga_Midstream,8.17,696,65.2,23.08,unsafe
Ganga_Midstream,7.8,299,150.9,33.0,unsafe
Ganga_Midstream,7.45,369,121.7,31.64,unsafe
Ganga_Midstream,6.72,550,203.2,20.0,safe
Ganga_Midstream,6.89,662,27.4,33.41,unsafe
Ganga_Midstream,7.86,621,164.3,20.26,unsafe
Ganga_Midstream,6.86,346,117.4,21.47,unsafe
Ganga_Midstream,8.18,774,72.3,26.15,unsafe
Ganga_Midstream,6.93,406,131.5,26.91,unsafe
Ganga_Midstream,6.92,706,128.4,32.48,unsafe
Ganga_Midstream,7.39,578,136.9,30.95,unsafe
Ganga_Midstream,6.69,332,28.4,26.07,safe
Ganga_Midstream,6.52,516,49.5,21.79,safe
Ganga_Midstream,7.03,624,44.8,25.22,unsafe
Ganga_Midstream,7.99,482,129.7,20.64,unsafe
Ganga_Midstream,7.96,365,108.2,35.83,unsafe
Ganga_Midstream,7.52,752,98.4,30.57,unsafe
Ganga_Midstream,7.93,607,68.6,26.49,unsafe
Ganga_Midstream,7.24,607,143.2,28.73,unsafe
Ganga_Midstream,6.54,571,122.2,30.09,unsafe
Ganga_Midstream,6.35,668,173.4,26.07,unsafe
Ganga_Midstream,7.33,604,112.1,23.19,unsafe
Ganga_Midstream,7.71,730,52.4,29.42,unsafe
Ganga_Midstream,7.32,719,167.1,30.32,unsafe
Ganga_Midstream,7.11,791,161.1,30.47,unsafe
Ganga_Midstream,8.0,394,37.7,24.62,safe
Ganga_Midstream,7.94,386,76.2,30.0,unsafe
Ganga_Midstream,6.79,706,90.8,21.68,unsafe
Ganga_Midstream,7.04,692,115.5,34.36,unsafe
Ganga_Midstream,8.21,747,47.3,29.18,unsafe
Ganga_Midstream,7.38,459,165.8,26.99,unsafe
Ganga_Midstream,6.64,805,126.4,27.59,unsafe
Ganga_Midstream,7.94,50,1100.0,27.77,unsafe
Ganga_Midstream,7.98,598,57.3,20.6,unsafe
Ganga_Midstream,10.5,50,0.0,0.0,unsafe
Ganga_Midstream,7.3,358,68.1,21.61,unsafe
Ganga_Midstream,7.31,406,129.6,23.97,unsafe
Ganga_Midstream,8.29,374,106.4,23.89,unsafe
Ganga_Midstream,7.19,417,57.9,32.54,unsafe
Ganga_Midstream,7.74,638,44.4,30.07,unsafe
Ganga_Midstream,7.57,745,43.2,24.45,unsafe
Ganga_Midstream,7.42,475,31.7,31.34,safe
Ganga_Midstream,7.88,359,60.5,34.46,unsafe
Ganga_Midstream,7.45,503,102.4,29.92,unsafe
Ganga_Midstream,7.68,590,37.1,24.18,safe
Ganga_Midstream,6.81,502,190.7,22.98,unsafe
Ganga_Midstream,7.68,767,50.5,30.56,unsafe
Ganga_Midstream,7.07,426,103.5,27.39,unsafe
Ganga_Midstream,7.79,746,70.9,24.22,unsafe
Ganga_Midstream,7.06,405,107.5,34.25,unsafe
Ganga_Midstream,6.52,791,68.5,23.37,unsafe
Ganga_Midstream,7.28,560,51.2,25.45,unsafe
Ganga_Midstream,7.92,385,120.3,25.97,unsafe
Ganga_Midstream,7.75,780,95.8,29.82,unsafe
Ganga_Midstream,6.85,536,43.7,30.51,safe
Ganga_Midstream,6.58,596,94.2,30.15,unsafe
Ganga_Midstream,7.04,450,28.4,29.97,safe
Ganga_Midstream,7.85,458,177.5,25.94,unsafe
Ganga_Midstream,7.15,642,152.1,32.37,unsafe
Ganga_Midstream,7.06,561,71.8,28.03,unsafe
Ganga_Midstream,6.68,600,48.4,31.73,unsafe
Ganga_Midstream,7.83,639,156.7,29.74,unsafe
Ganga_Midstream,7.58,754,48.4,25.97,unsafe
Ganga_Midstream,6.66,566,85.2,32.99,unsafe
Ganga_Midstream,7.31,405,31.1,28.25,safe
Ganga_Midstream,7.48,401,180.1,27.93,unsafe
Ganga_Midstream,7.87,466,124.7,26.86,unsafe
Ganga_Midstream,8.14,730,73.5,25.08,unsafe
Ganga_Midstream,7.83,763,46.6,26.38,unsafe
Ganga_Midstream,6.84,445,43.5,33.57,safe
Ganga_Midstream,7.76,566,163.4,29.86,unsafe
Ganga_Midstream,6.98,462,134.3,27.62,unsafe
Ganga_Midstream,6.75,742,188.0,20.39,unsafe
Ganga_Midstream,7.94,674,51.7,22.9,unsafe
Ganga_Midstream,6.89,361,176.0,23.01,unsafe
Ganga_Midstream,6.26,746,123.1,24.73,unsafe
Ganga_Midstream,8.08,794,168.1,32.98,unsafe
Ganga_Midstream,7.21,510,187.5,21.65,unsafe
Ganga_Midstream,6.74,388,113.2,32.79,unsafe
Ganga_Midstream,7.86,527,121.1,21.39,unsafe
Ganga_Midstream,8.25,671,125.3,28.14,unsafe
Ganga_Midstream,6.31,671,114.2,29.73,unsafe
Ganga_Midstream,6.82,401,72.3,23.18,unsafe
Ganga_Midstream,7.18,441,68.7,24.57,unsafe
Ganga_Midstream,6.94,359,46.9,31.11,safe
Ganga_Midstream,7.88,373,65.8,22.48,unsafe
Ganga_Midstream,10.5,564,0.0,27.11,unsafe
Ganga_Midstream,7.77,496,37.5,23.86,safe
Ganga_Midstream,6.94,658,172.1,23.65,unsafe
Ganga_Midstream,7.61,436,163.4,24.51,unsafe
Ganga_Midstream,7.63,310,63.7,26.5,unsafe
Ganga_Midstream,8.34,633,52.0,23.56,unsafe
Ganga_Midstream,7.0,543,158.8,32.09,unsafe
Ganga_Midstream,6.79,580,148.8,27.2,unsafe
Ganga_Midstream,7.39,508,97.2,30.05,unsafe
Ganga_Midstream,6.83,635,191.8,20.9,unsafe
Ganga_Midstream,7.54,543,196.1,30.12,unsafe
Ganga_Midstream,7.62,531,179.4,29.03,unsafe
Ganga_Midstream,6.92,738,184.4,27.84,unsafe
Ganga_Midstream,7.41,380,135.0,21.66,unsafe
Ganga_Midstream,6.48,357,67.5,22.87,unsafe
Ganga_Midstream,7.22,486,20.2,20.17,safe
Ganga_Midstream,7.52,649,180.9,29.87,unsafe
Ganga_Midstream,7.34,702,21.9,27.92,unsafe
Ganga_Midstream,7.36,552,86.8,22.41,unsafe
Ganga_Midstream,7.16,788,65.1,30.58,unsafe
Ganga_Midstream,7.05,701,187.1,31.4,unsafe
Ganga_Midstream,7.39,736,85.5,29.86,unsafe
Ganga_Midstream,7.92,751,183.8,33.17,unsafe
Ganga_Midstream,6.42,606,42.0,23.64,safe
Ganga_Midstream,6.92,678,128.4,32.98,unsafe
Ganga_Midstream,10.5,50,1100.0,25.19,unsafe
Ganga_Midstream,7.63,330,84.7,22.1,unsafe
Ganga_Midstream,6.76,358,153.3,29.43,unsafe
Ganga_Midstream,6.49,661,166.9,20.48,unsafe
Ganga_Midstream,7.96,706,117.9,20.89,unsafe
Ganga_Midstream,6.99,457,165.0,26.52,unsafe
Ganga_Midstream,8.13,819,104.3,29.17,unsafe
Ganga_Midstream,7.69,443,112.6,25.4,unsafe
Ganga_Midstream,6.52,377,128.6,28.61,unsafe
Ganga_Midstream,6.72,463,101.7,28.82,unsafe
Ganga_Midstream,8.28,752,141.9,32.63,unsafe
Ganga_Midstream,6.33,364,60.8,22.46,unsafe
Ganga_Midstream,7.58,681,77.4,23.93,unsafe
Ganga_Midstream,7.47,539,111.0,22.96,unsafe
Ganga_Midstream,10.5,50,1100.0,34.72,unsafe
Ganga_Midstream,6.63,410,120.5,25.31,unsafe
Ganga_Midstream,8.26,349,127.8,21.68,unsafe
Ganga_Midstream,7.48,388,33.4,20.11,safe
Ganga_Midstream,7.83,636,55.6,21.1,unsafe
Ganga_Midstream,6.91,309,51.4,31.23,safe
Ganga_Midstream,6.67,348,100.9,19.92,unsafe
Ganga_Midstream,7.63,401,70.1,34.6,unsafe
Ganga_Midstream,7.29,734,58.5,24.09,unsafe
Ganga_Midstream,7.79,604,28.0,24.96,unsafe
Ganga_Midstream,7.63,350,127.4,28.03,unsafe
Ganga_Midstream,7.64,674,170.8,25.5,unsafe
Ganga_Midstream,6.78,436,176.0,21.27,unsafe
Ganga_Midstream,8.48,732,151.4,20.07,unsafe
Ganga_Midstream,8.2,407,122.6,27.04,unsafe
Ganga_Midstream,8.17,355,33.5,27.71,safe
Ganga_Midstream,8.04,322,42.8,27.41,safe
Ganga_Midstream,6.98,506,47.6,20.62,safe
Ganga_Midstream,7.56,503,178.8,26.5,unsafe
Ganga_Midstream,7.25,481,68.1,22.36,unsafe
Ganga_Midstream,7.85,343,160.5,31.64,unsafe
Ganga_Midstream,7.83,383,33.1,35.6,safe
Ganga_Midstream,6.64,710,180.8,25.05,unsafe
Ganga_Midstream,7.02,705,64.1,24.33,unsafe
Ganga_Midstream,7.76,604,96.3,19.93,unsafe
Ganga_City,7.28,1149,183.6,14.37,unsafe
Ganga_City,7.34,1225,285.5,23.22,unsafe
Ganga_City,6.76,886,529.5,20.73,unsafe
Ganga_City,8.08,2026,129.3,23.79,unsafe
Ganga_City,7.75,1624,746.1,11.51,unsafe
Ganga_City,7.31,1046,179.0,18.96,unsafe
Ganga_City,7.36,1222,379.2,22.34,unsafe
Ganga_City,6.68,1837,168.8,11.4,unsafe
Ganga_City,7.86,1668,426.9,17.22,unsafe
Ganga_City,6.39,961,774.5,17.93,unsafe
Ganga_City,7.47,1512,715.6,18.49,unsafe
Ganga_City,7.45,1076,320.4,18.69,unsafe
Ganga_City,6.41,1673,441.3,13.16,safe
Ganga_City,6.94,1505,313.0,18.78,unsafe
Ganga_City,6.34,1642,300.1,14.38,unsafe
Ganga_City,7.07,1406,369.1,17.58,unsafe
Ganga_City,6.69,845,531.0,15.18,unsafe
Ganga_City,7.3,1085,725.2,20.15,unsafe
Ganga_City,6.35,1088,508.4,15.47,unsafe
Ganga_City,5.9,1738,484.7,18.75,unsafe
Ganga_City,8.03,1624,383.7,24.19,unsafe
Ganga_City,7.35,1012,368.7,14.98,unsafe
Ganga_City,6.49,1208,470.3,16.92,safe
Ganga_City,6.17,1123,674.9,23.87,unsafe
Ganga_City,7.77,888,713.3,17.48,unsafe
Ganga_City,7.0,1075,242.9,10.82,unsafe
Ganga_City,6.8,1791,758.6,21.32,unsafe
Ganga_City,6.96,1558,557.0,25.75,unsafe
Ganga_City,6.72,1804,605.9,22.87,unsafe
Ganga_City,6.9,1651,305.9,19.99,unsafe
Ganga_City,6.89,1002,670.4,10.61,unsafe
Ganga_City,8.21,907,211.2,10.58,unsafe
Ganga_City,7.3,1323,507.8,24.9,unsafe
Ganga_City,7.04,1179,488.3,16.33,unsafe
Ganga_City,5.93,883,198.7,20.55,unsafe
Ganga_City,6.88,967,707.9,16.69,unsafe
Ganga_City,6.42,808,285.5,21.6,unsafe
Ganga_City,6.42,854,526.0,13.32,unsafe
Ganga_City,6.21,1958,463.9,13.15,unsafe
Ganga_City,6.83,1676,423.6,15.51,unsafe
Ganga_City,7.97,1648,707.3,15.0,unsafe
Ganga_City,7.41,1766,409.9,20.3,unsafe
Ganga_City,7.25,1508,327.7,21.48,unsafe
Ganga_City,7.11,1525,542.2,18.54,unsafe
Ganga_City,8.17,856,449.6,11.54,unsafe
Ganga_City,7.62,805,742.0,22.23,unsafe
Ganga_City,6.63,1674,456.0,17.6,unsafe
Ganga_City,7.4,1426,498.0,17.33,unsafe
Ganga_City,7.14,1855,228.4,18.98,unsafe
Ganga_City,8.32,1702,433.8,20.21,unsafe
Ganga_City,7.54,1277,389.2,19.55,unsafe
Ganga_City,7.93,1800,0.0,0.0,unsafe
Ganga_City,7.19,1904,688.1,24.98,unsafe
Ganga_City,7.18,1729,341.1,22.88,unsafe
Ganga_City,7.52,1285,652.6,11.65,unsafe
Ganga_City,6.83,1468,755.8,10.55,unsafe
Ganga_City,6.91,1594,303.9,11.84,unsafe
Ganga_City,7.8,1638,262.0,11.3,unsafe
Ganga_City,6.64,1423,651.0,22.73,unsafe
Ganga_City,7.75,1233,477.3,11.89,unsafe
Ganga_City,7.51,1843,321.5,11.54,unsafe
Ganga_City,6.78,1762,609.6,11.68,unsafe
Ganga_City,7.13,1668,340.5,12.48,unsafe
Ganga_City,6.28,1007,816.3,15.63,unsafe
Ganga_City,8.21,1899,383.3,15.39,unsafe
Ganga_City,6.79,1690,784.2,21.9,unsafe
Ganga_City,6.52,1458,561.8,21.98,unsafe
Ganga_City,6.5,1450,126.6,19.95,unsafe
Ganga_City,7.03,1124,207.0,21.31,unsafe
Ganga_City,7.91,944,190.7,12.31,unsafe
Ganga_City,7.63,1171,814.9,10.73,unsafe
Ganga_City,7.12,1818,132.2,10.59,unsafe
Ganga_City,7.25,871,516.3,19.28,unsafe
Ganga_City,7.26,1511,739.0,10.25,unsafe
Ganga_City,6.88,1353,646.5,10.74,unsafe
Ganga_City,7.36,860,438.6,12.8,unsafe
Ganga_City,7.63,1364,135.0,19.47,unsafe
Ganga_City,6.78,1053,412.6,10.53,unsafe
Ganga_City,8.04,1813,279.8,20.7,unsafe
Ganga_City,8.15,877,490.4,19.43,unsafe
Ganga_City,6.22,983,426.7,14.08,unsafe
Ganga_City,7.56,1507,119.9,23.28,unsafe
Ganga_City,7.71,1239,770.3,10.24,unsafe
Ganga_City,6.04,1536,753.2,20.15,unsafe
Ganga_City,6.2,1444,612.7,12.68,unsafe
Ganga_City,8.04,916,295.8,18.03,unsafe
Ganga_City,6.89,1159,201.2,17.62,unsafe
Ganga_City,8.07,1861,174.2,23.25,unsafe
Ganga_City,5.97,881,540.3,18.9,unsafe
Ganga_City,6.19,1341,505.5,17.79,unsafe
Ganga_City,7.68,1181,154.0,24.16,unsafe
Ganga_City,7.27,1146,466.3,22.23,unsafe
Ganga_City,7.43,1629,137.7,25.13,unsafe
Ganga_City,6.87,1431,611.7,18.98,unsafe
Ganga_City,6.69,1464,109.2,12.12,unsafe
Ganga_City,7.92,1017,689.4,18.24,unsafe
Ganga_City,6.88,1335,728.3,16.13,unsafe
Ganga_City,7.2,1938,698.0,19.29,unsafe
Ganga_City,7.85,862,100.6,18.61,unsafe
Ganga_City,6.99,926,584.8,17.19,unsafe
Ganga_City,6.31,1624,526.1,12.65,unsafe
Ganga_City,6.85,1045,369.3,10.77,unsafe
Ganga_City,5.99,877,144.2,12.9,unsafe
Ganga_City,7.16,2002,673.7,16.28,unsafe
Ganga_City,7.04,810,194.1,22.67,unsafe
Ganga_City,7.79,1292,282.1,11.95,unsafe
Ganga_City,6.18,1727,682.8,16.98,unsafe
Ganga_City,7.1,1709,651.2,17.39,unsafe
Ganga_City,7.29,891,456.5,20.79,unsafe
Ganga_City,6.38,1551,267.7,12.35,unsafe
Ganga_City,7.72,1951,673.1,19.36,unsafe
Ganga_City,7.26,1689,775.4,19.68,unsafe
Ganga_City,7.0,1324,351.1,13.87,unsafe
Ganga_City,6.99,1457,574.7,12.07,unsafe
Ganga_City,10.5,1964,419.2,0.0,unsafe
Ganga_City,7.93,1734,675.7,13.35,unsafe
Ganga_City,7.09,1920,119.0,21.08,unsafe
Ganga_City,7.92,1474,688.2,19.87,unsafe
Ganga_City,5.0,50,1100.0,23.72,unsafe
Ganga_City,8.02,1415,456.4,20.94,unsafe
Ganga_City,7.38,1712,587.8,19.01,unsafe
Ganga_City,7.87,1384,407.4,20.82,unsafe
Ganga_City,10.5,50,312.3,11.85,unsafe
Ganga_City,7.2,1000,499.1,24.35,unsafe
Ganga_City,6.55,1611,332.1,11.0,unsafe
Ganga_City,6.44,950,571.9,21.89,safe
Ganga_City,7.24,1497,799.4,20.64,unsafe
Ganga_City,7.44,1091,485.4,18.37,unsafe
Ganga_City,7.0,1255,348.6,12.12,unsafe
Ganga_City,6.65,1128,654.4,14.88,unsafe
Ganga_City,7.4,1211,776.0,16.58,unsafe
Ganga_City,7.83,899,579.4,13.07,unsafe
Ganga_City,6.13,2034,272.2,23.93,unsafe
Ganga_City,7.15,925,570.9,21.93,unsafe
Ganga_City,7.67,1800,445.0,11.79,unsafe
Ganga_City,6.92,1244,272.8,16.09,unsafe
Ganga_City,7.54,2034,363.3,20.35,unsafe
Ganga_City,6.58,50,0.0,0.0,unsafe
Ganga_City,7.05,1797,226.8,19.86,unsafe
Ganga_City,6.58,1382,767.2,22.23,unsafe
Ganga_City,7.25,854,354.2,16.32,unsafe
Ganga_City,6.28,931,514.7,22.61,unsafe
Ganga_City,6.61,1862,108.7,14.26,unsafe
Ganga_City,6.33,1383,544.1,24.6,unsafe
Ganga_City,6.85,1983,434.9,11.48,unsafe
Ganga_City,6.82,1660,644.9,15.07,unsafe
Ganga_City,5.0,1740,0.0,13.5,unsafe
Ganga_City,7.2,1163,362.3,11.32,unsafe
Ganga_City,6.91,896,525.4,23.06,unsafe
Ganga_City,7.36,1297,681.9,23.94,unsafe
Ganga_City,7.19,932,430.9,15.53,unsafe
Ganga_City,6.98,798,464.2,22.95,unsafe
Ganga_City,6.89,1639,780.6,15.2,unsafe
Ganga_City,7.53,1602,568.2,20.48,unsafe
Ganga_City,6.23,1592,798.1,20.61,unsafe
Ganga_City,7.82,1258,500.8,10.57,unsafe
Ganga_City,7.81,1709,402.8,14.71,unsafe
Ganga_City,6.44,935,399.2,16.52,unsafe
Ganga_City,6.89,782,298.7,16.61,unsafe
Ganga_City,7.07,1508,492.0,17.85,unsafe
Ganga_City,8.03,1092,213.2,14.82,unsafe
Ganga_City,7.23,965,780.6,18.22,unsafe
Ganga_City,6.58,1831,226.8,16.8,unsafe
Ganga_City,7.84,1303,513.0,11.27,unsafe
Ganga_City,6.8,1291,785.7,10.17,unsafe
Ganga_City,6.38,954,468.8,21.87,unsafe
Ganga_City,7.59,1241,391.4,20.42,unsafe
Ganga_City,6.93,901,679.9,24.98,unsafe
Ganga_City,7.53,1325,421.6,20.01,unsafe
Ganga_City,7.75,1686,457.7,20.27,unsafe
Ganga_City,7.22,1939,192.0,9.82,unsafe
Ganga_City,7.01,1477,620.1,24.39,unsafe
Ganga_City,7.58,1760,501.9,13.23,unsafe
Ganga_City,8.02,1917,237.3,14.08,unsafe
Ganga_City,6.22,1911,552.6,11.22,unsafe
Ganga_City,7.6,1056,243.9,13.24,unsafe
Ganga_City,7.13,50,0.0,0.0,unsafe
Ganga_City,7.21,878,660.9,19.48,unsafe
Ganga_City,5.8,1468,606.9,21.0,unsafe
Ganga_City,7.95,934,176.1,17.72,unsafe
Ganga_City,6.52,1894,759.2,24.23,unsafe
Ganga_City,7.86,1670,770.9,16.54,unsafe
Ganga_City,7.12,1543,133.1,20.92,unsafe
Ganga_City,6.21,1354,216.5,16.86,unsafe
Ganga_City,7.09,1062,149.2,13.77,unsafe
Ganga_City,6.77,1273,468.0,20.74,unsafe
Ganga_City,7.61,1099,716.1,14.77,unsafe
Ganga_City,6.69,1087,321.8,21.59,unsafe
Ganga_City,8.16,1578,398.3,11.35,unsafe
Ganga_City,6.93,1897,259.3,19.1,unsafe
Ganga_City,6.14,1166,200.3,14.75,unsafe
Ganga_City,7.57,1245,810.9,15.05,unsafe
Ganga_City,7.42,1008,121.3,12.68,unsafe
Ganga_City,7.72,871,159.8,14.75,unsafe
Ganga_City,7.89,1368,232.9,13.57,unsafe
Ganga_City,6.13,1453,564.8,16.3,unsafe
Ganga_City,7.57,1531,728.4,23.81,unsafe
Ganga_City,6.45,906,166.4,11.72,unsafe
Ganga_City,7.27,1276,656.6,12.16,unsafe
Ganga_City,6.5,2070,746.6,19.66,unsafe
Ganga_City,6.18,1092,806.3,18.03,unsafe
Ganga_City,6.25,1191,535.8,23.39,unsafe
Ganga_City,6.19,1908,140.3,19.0,unsafe
Ganga_City,7.32,1425,342.2,15.95,unsafe
Ganga_City,6.16,2011,708.3,21.14,unsafe
Ganga_City,6.69,1851,142.1,10.58,unsafe
Ganga_City,7.74,1400,672.5,19.03,unsafe
Ganga_City,6.02,925,141.1,10.43,unsafe
Ganga_City,6.8,1715,745.7,15.82,unsafe
Ganga_City,5.0,50,1100.0,21.57,unsafe
Ganga_City,7.83,891,547.4,16.02,unsafe
Ganga_City,6.55,940,713.6,19.19,unsafe
Ganga_City,7.68,1876,763.3,21.22,unsafe
Ganga_City,5.85,1135,201.7,22.74,unsafe
Ganga_City,6.76,1912,208.0,17.7,unsafe
Ganga_City,7.22,1188,738.7,20.66,unsafe
Ganga_City,7.25,1918,754.5,22.51,unsafe
Ganga_City,7.36,1558,537.8,14.01,unsafe
Ganga_City,6.69,1253,449.6,12.93,unsafe
Ganga_City,8.22,1047,618.1,24.77,unsafe
Ganga_City,7.29,827,280.7,14.31,unsafe
Ganga_City,6.04,1070,632.6,18.02,unsafe
Ganga_City,10.5,1800,0.0,14.53,unsafe
Ganga_City,6.92,1828,432.7,18.0,unsafe
Ganga_City,6.52,978,617.2,14.97,unsafe
Ganga_City,7.58,1162,767.5,15.83,unsafe
Ganga_City,7.96,1046,649.4,22.4,unsafe
Ganga_City,8.0,960,346.0,15.83,unsafe
Ganga_City,6.02,1424,545.6,21.32,unsafe
Ganga_City,7.19,1482,102.4,15.22,unsafe
Ganga_City,6.47,1361,326.5,17.52,unsafe
Ganga_City,5.0,1800,620.1,20.49,unsafe
Ganga_City,7.26,1850,194.7,16.09,unsafe
Ganga_City,6.27,1916,275.3,20.58,unsafe
Ganga_City,5.9,1479,283.3,13.49,unsafe
Ganga_City,8.19,2024,226.7,14.91,unsafe
Ganga_City,7.88,1755,299.6,23.67,unsafe
Ganga_City,7.64,1531,168.8,21.51,unsafe
Ganga_City,7.06,1548,402.4,22.27,unsafe
Ganga_City,7.16,1790,646.2,14.39,unsafe
Ganga_City,7.51,1616,237.9,20.19,unsafe
Ganga_City,7.8,1116,315.6,12.95,unsafe
Ganga_City,6.59,1708,312.2,19.89,unsafe
Ganga_City,7.54,1684,620.2,10.44,unsafe
Ganga_City,7.44,957,831.5,12.48,unsafe
Ganga_City,6.92,1167,709.5,14.25,unsafe
Ganga_City,6.27,1122,607.2,18.35,unsafe
Ganga_City,6.79,1787,348.9,13.27,unsafe
Ganga_City,6.75,889,328.7,18.55,unsafe
Ganga_City,6.24,873,613.6,21.3,unsafe
Ganga_City,6.44,1809,685.0,10.67,safe
Ganga_City,7.09,1803,381.1,13.04,unsafe
Ganga_City,7.65,1880,751.9,16.49,unsafe
Ganga_City,7.32,1561,474.4,20.95,unsafe
Ganga_City,7.16,1327,122.5,12.77,unsafe
Ganga_City,6.56,1605,763.2,22.6,unsafe
Ganga_City,6.72,1562,216.1,14.54,unsafe
Ganga_City,6.34,1110,447.4,21.59,unsafe
Ganga_City,7.39,1466,572.5,13.45,unsafe
Ganga_City,7.44,1567,249.8,19.48,unsafe
Ganga_City,7.21,1147,620.3,21.09,unsafe
Ganga_City,6.61,923,127.6,13.64,unsafe
Ganga_City,7.11,1113,363.3,12.24,unsafe
Ganga_City,7.61,1126,490.3,11.36,unsafe
Ganga_City,7.12,1638,117.1,24.44,unsafe
Ganga_City,6.93,1291,518.4,13.61,unsafe
Ganga_City,6.43,1916,628.0,15.02,unsafe
Ganga_City,6.67,1465,584.9,22.35,unsafe
Ganga_City,6.75,1744,665.2,12.72,unsafe
Ganga_City,7.53,920,727.7,20.69,unsafe
Ganga_City,6.48,1883,99.3,17.13,unsafe
Ganga_City,7.55,1079,803.5,15.47,unsafe
Ganga_City,7.03,1570,454.3,10.29,unsafe
Ganga_City,6.14,1675,417.3,9.96,unsafe
Ganga_City,6.97,1277,458.3,23.18,unsafe
Ganga_City,7.48,1174,634.0,23.13,unsafe
Ganga_City,8.18,1672,697.8,20.83,unsafe
Ganga_City,6.77,1921,433.7,14.29,unsafe
Ganga_City,7.16,1849,494.1,20.07,unsafe
Ganga_City,7.19,1756,1100.0,19.32,unsafe
Ganga_City,6.6,1926,724.6,12.58,unsafe
Ganga_City,7.86,1134,439.5,24.75,unsafe
Ganga_City,7.14,1056,305.9,16.17,unsafe
Ganga_City,6.43,981,113.2,18.91,safe
Ganga_City,7.26,1670,402.1,18.28,unsafe
Ganga_City,7.96,1308,111.7,25.59,unsafe
Ganga_City,6.2,849,732.8,18.44,unsafe
Ganga_City,7.3,1374,429.9,17.84,unsafe
Ganga_City,5.96,1681,492.6,24.41,unsafe
Ganga_City,6.28,1301,750.9,23.74,unsafe
Ganga_City,7.9,1797,266.7,17.06,unsafe
Ganga_City,5.0,50,1100.0,0.0,unsafe
Ganga_City,7.73,1453,206.3,20.55,unsafe
Ganga_City,7.53,1649,396.3,17.84,unsafe
Ganga_City,7.41,1761,333.6,15.04,unsafe
Ganga_City,5.93,1701,377.1,22.95,unsafe
Ganga_City,7.27,857,344.8,22.57,unsafe
Ganga_City,6.79,1319,133.1,23.04,unsafe
Ganga_City,6.73,1683,731.7,16.78,unsafe
Ganga_City,6.48,808,469.0,15.03,unsafe
Ganga_City,8.11,2061,351.3,18.02,unsafe
Ganga_City,8.06,909,760.8,14.82,unsafe
Ganga_City,7.54,999,768.0,22.86,unsafe
Ganga_City,6.41,2001,440.5,25.5,unsafe
Ganga_City,6.9,1496,621.1,13.89,unsafe
Ganga_City,7.46,1803,633.9,17.42,unsafe
Ganga_City,7.36,854,717.9,16.25,unsafe
Ganga_City,7.45,842,639.8,24.91,unsafe
Ganga_City,7.13,1962,677.2,12.98,unsafe
Ganga_City,8.05,1516,399.8,15.97,unsafe
Ganga_City,6.83,1653,456.6,23.13,unsafe
Ganga_City,7.8,1162,480.2,11.41,unsafe
Ganga_City,6.65,1557,156.1,25.08,unsafe
Ganga_City,6.98,1333,709.5,10.67,unsafe
Ganga_City,7.55,1494,332.0,18.18,unsafe
Ganga_City,7.57,1680,577.5,12.46,unsafe
Ganga_City,7.97,1827,680.8,14.42,unsafe
Ganga_City,7.69,1881,109.7,18.47,unsafe
Ganga_City,7.48,1499,416.7,12.27,unsafe
Ganga_City,6.7,853,761.7,16.81,unsafe
Ganga_City,7.98,982,641.8,22.25,unsafe
Ganga_City,6.62,1584,691.5,14.49,unsafe
Ganga_City,7.18,811,696.3,17.46,unsafe
Ganga_City,7.59,1402,745.1,19.38,unsafe
Ganga_City,8.16,1364,264.9,12.73,unsafe
Ganga_City,7.83,1198,364.0,18.58,unsafe
Ganga_City,7.46,1206,499.6,13.72,unsafe
Ganga_City,7.8,1104,689.2,15.83,unsafe
Ganga_City,7.14,1309,398.5,15.09,unsafe
Ganga_City,6.27,1130,172.6,18.2,unsafe
Ganga_City,6.7,1308,207.7,20.04,unsafe
Ganga_City,6.36,1530,387.2,17.48,unsafe
Ganga_City,6.71,780,300.7,19.74,unsafe
Ganga_City,7.31,887,623.9,21.87,unsafe
Ganga_City,7.23,1268,248.0,17.38,unsafe
Ganga_City,7.21,964,285.3,22.18,unsafe
Ganga_City,6.41,1383,799.3,21.06,unsafe
Ganga_City,7.27,1430,280.8,15.65,unsafe
Ganga_City,6.51,1237,734.5,9.87,unsafe
Ganga_City,7.25,893,209.9,25.94,unsafe
Ganga_City,6.67,843,376.4,19.22,unsafe
Ganga_City,6.61,1805,183.6,23.25,unsafe
Ganga_City,7.49,1112,708.4,17.36,unsafe
Ganga_City,7.4,1540,325.9,20.33,unsafe
Ganga_City,7.19,953,655.6,13.8,unsafe
Ganga_City,7.83,1896,206.9,17.59,unsafe
Ganga_City,6.74,1155,611.4,12.86,unsafe
Ganga_City,6.33,1235,678.1,24.19,unsafe
Ganga_City,6.64,955,566.2,24.3,unsafe
Ganga_City,6.21,1972,338.8,18.18,unsafe
Ganga_City,7.38,1841,134.6,11.74,unsafe
Ganga_City,6.34,794,162.3,15.32,unsafe
Ganga_City,6.4,1140,129.7,18.43,unsafe
Ganga_City,7.66,1845,124.7,24.04,unsafe
Ganga_City,8.08,1957,430.2,22.14,unsafe
Ganga_City,6.59,1561,213.0,19.6,unsafe
Ganga_City,6.18,1534,722.0,14.3,unsafe
Ganga_City,7.46,1523,253.5,21.49,unsafe
Ganga_City,6.83,1790,522.7,15.4,unsafe
Ganga_City,7.68,1475,469.6,10.62,unsafe
Ganga_City,7.26,1192,185.3,11.14,unsafe
Ganga_City,6.23,1096,501.0,13.61,unsafe
Ganga_City,7.92,1795,382.0,18.1,unsafe
Ganga_City,7.04,1654,199.1,15.54,unsafe
Ganga_City,6.83,1866,456.2,11.0,unsafe
Ganga_City,6.12,1568,276.4,12.02,unsafe
Ganga_City,10.5,1060,1100.0,0.0,unsafe
Ganga_City,6.5,1931,214.6,12.09,unsafe
Ganga_City,7.61,1658,778.3,23.87,unsafe
Ganga_City,6.04,1245,149.4,12.74,unsafe
Ganga_City,7.18,1209,577.5,22.43,unsafe
Ganga_City,6.68,2048,202.3,19.84,unsafe
Ganga_City,7.25,1676,173.9,22.66,unsafe
Ganga_City,6.5,1203,699.3,23.99,unsafe
Ganga_City,6.13,1795,255.0,23.45,unsafe
Ganga_City,7.75,1726,566.7,19.82,unsafe
Ganga_City,6.74,1784,471.0,16.84,unsafe
Ganga_City,6.25,50,634.7,18.14,unsafe
Ganga_City,7.23,1044,159.8,15.15,unsafe
Ganga_City,6.52,1121,760.5,17.22,safe
Ganga_City,7.29,1860,754.8,13.01,unsafe
Ganga_City,6.18,1399,315.1,18.79,unsafe
Ganga_City,6.37,2037,325.7,22.36,unsafe
Ganga_City,6.78,1910,251.7,22.04,unsafe
Ganga_City,7.39,1100,492.8,11.76,unsafe
Ganga_City,7.04,1787,706.2,16.26,unsafe
Ganga_City,6.78,1742,237.6,21.42,unsafe
Ganga_City,6.93,1888,368.5,10.69,unsafe
Ganga_City,6.44,1826,126.0,12.92,safe
Ganga_City,6.0,1055,437.9,24.95,unsafe
Ganga_City,6.99,1459,275.7,23.36,unsafe
Ganga_City,6.07,1873,312.7,14.23,unsafe
Ganga_City,6.39,1122,629.1,11.41,unsafe
Ganga_City,6.97,1003,553.6,17.28,unsafe
Ganga_City,6.39,1733,619.6,16.93,unsafe
Ganga_City,6.61,1453,160.6,12.03,unsafe
Ganga_City,6.43,897,376.0,19.65,unsafe
Ganga_City,6.73,1688,507.3,15.3,unsafe
Ganga_City,7.94,1166,727.9,10.92,unsafe
Ganga_City,7.16,1800,211.8,25.67,unsafe
Ganga_Downstream,7.22,542,291.0,22.76,unsafe
Ganga_Downstream,7.06,1148,183.7,27.23,unsafe
Ganga_Downstream,8.37,1050,345.2,21.23,unsafe
Ganga_Downstream,7.04,1003,385.3,24.77,unsafe
Ganga_Downstream,8.94,738,350.4,28.79,unsafe
Ganga_Downstream,7.95,1151,360.8,24.35,unsafe
Ganga_Downstream,7.23,659,203.0,15.7,unsafe
Ganga_Downstream,7.3,658,258.6,19.47,unsafe
Ganga_Downstream,8.67,856,51.5,22.48,unsafe
Ganga_Downstream,6.92,1055,54.2,29.02,unsafe
Ganga_Downstream,8.34,605,348.5,19.91,unsafe
Ganga_Downstream,8.76,1117,52.4,27.87,unsafe
Ganga_Downstream,7.32,802,343.9,29.52,unsafe
Ganga_Downstream,6.65,880,212.6,26.08,unsafe
Ganga_Downstream,8.82,1220,126.2,19.29,unsafe
Ganga_Downstream,8.64,644,293.3,28.31,unsafe
Ganga_Downstream,7.32,1020,271.2,17.91,unsafe
Ganga_Downstream,8.14,890,187.7,18.51,unsafe
Ganga_Downstream,8.31,602,246.6,25.82,unsafe
Ganga_Downstream,7.5,532,385.6,19.65,unsafe
Ganga_Downstream,7.9,1214,397.2,26.38,unsafe
Ganga_Downstream,7.4,834,176.4,18.62,unsafe
Ganga_Downstream,8.43,1800,0.0,0.0,unsafe
Ganga_Downstream,7.23,839,214.5,25.09,unsafe
Ganga_Downstream,7.17,872,179.4,22.83,unsafe
Ganga_Downstream,8.25,605,326.1,20.69,unsafe
Ganga_Downstream,7.7,628,237.4,26.39,unsafe
Ganga_Downstream,8.58,906,107.9,20.86,unsafe
Ganga_Downstream,7.8,981,79.7,15.14,unsafe
Ganga_Downstream,7.63,842,168.3,15.86,unsafe
Ganga_Downstream,7.86,700,219.8,28.99,unsafe
Ganga_Downstream,8.21,734,206.9,27.08,unsafe
Ganga_Downstream,8.03,581,196.4,14.71,unsafe
Ganga_Downstream,8.9,532,274.8,28.02,unsafe
Ganga_Downstream,7.07,1080,80.9,28.3,unsafe
Ganga_Downstream,6.57,1167,157.9,20.71,unsafe
Ganga_Downstream,10.5,765,0.0,0.0,unsafe
Ganga_Downstream,6.66,782,388.6,21.18,unsafe
Ganga_Downstream,6.97,798,344.3,25.03,unsafe
Ganga_Downstream,8.49,1138,97.8,30.5,unsafe
Ganga_Downstream,7.56,527,219.0,29.9,unsafe
Ganga_Downstream,8.22,922,158.1,27.68,unsafe
Ganga_Downstream,7.13,927,206.7,16.7,unsafe
Ganga_Downstream,7.16,548,310.5,17.01,unsafe
Ganga_Downstream,8.7,519,87.2,27.85,unsafe
Ganga_Downstream,7.43,537,104.0,19.87,unsafe
Ganga_Downstream,7.16,1046,288.5,25.19,unsafe
Ganga_Downstream,7.75,666,272.9,23.2,unsafe
Ganga_Downstream,7.25,618,80.1,25.66,unsafe
Ganga_Downstream,6.73,574,144.3,21.68,unsafe
Ganga_Downstream,8.38,924,203.0,17.0,unsafe
Ganga_Downstream,7.59,648,266.5,27.5,unsafe
Ganga_Downstream,7.72,903,383.0,25.34,unsafe
Ganga_Downstream,7.86,938,338.9,21.65,unsafe
Ganga_Downstream,7.7,909,94.5,29.14,unsafe
Ganga_Downstream,7.96,602,372.5,16.57,unsafe
Ganga_Downstream,7.35,951,185.4,21.28,unsafe
Ganga_Downstream,7.87,666,383.3,27.72,unsafe
Ganga_Downstream,8.49,981,239.3,21.02,unsafe
Ganga_Downstream,7.4,1054,320.3,26.2,unsafe
Ganga_Downstream,8.3,705,175.9,27.36,unsafe
Ganga_Downstream,8.79,990,134.5,17.76,unsafe
Ganga_Downstream,8.79,1236,105.3,15.02,unsafe
Ganga_Downstream,8.69,911,169.6,26.64,unsafe
Ganga_Downstream,8.74,937,343.9,30.63,unsafe
Ganga_Downstream,7.67,676,338.0,21.59,unsafe
Ganga_Downstream,7.38,546,218.1,16.25,unsafe
Ganga_Downstream,8.43,659,193.9,27.11,unsafe
Ganga_Downstream,7.56,891,333.9,18.38,unsafe
Ganga_Downstream,5.0,50,1100.0,0.0,unsafe
Ganga_Downstream,7.14,970,345.6,16.84,unsafe
Ganga_Downstream,8.66,503,315.6,27.34,unsafe
Ganga_Downstream,8.27,1138,227.5,27.62,unsafe
Ganga_Downstream,7.29,564,203.2,25.28,unsafe
Ganga_Downstream,7.33,706,124.9,19.19,unsafe
Ganga_Downstream,6.93,1030,318.2,15.41,unsafe
Ganga_Downstream,7.12,984,273.7,23.18,unsafe
Ganga_Downstream,7.27,576,163.8,24.59,safe
Ganga_Downstream,10.5,1800,0.0,0.0,unsafe
Ganga_Downstream,8.26,752,124.4,20.02,unsafe
Ganga_Downstream,6.78,820,235.0,20.18,unsafe
Ganga_Downstream,8.9,807,351.3,16.69,unsafe
Ganga_Downstream,7.37,1051,216.2,27.47,unsafe
Ganga_Downstream,8.75,918,228.0,30.32,unsafe
Ganga_Downstream,7.91,710,70.9,26.48,unsafe
Ganga_Downstream,6.73,1071,142.4,25.15,unsafe
Ganga_Downstream,8.05,928,251.7,21.19,unsafe
Ganga_Downstream,8.33,1168,174.7,27.92,unsafe
Ganga_Downstream,7.17,1098,103.5,27.67,unsafe
Ganga_Downstream,7.25,762,201.6,28.2,unsafe
Ganga_Downstream,7.09,736,328.6,25.98,unsafe
Ganga_Downstream,8.37,1071,136.4,18.74,unsafe
Ganga_Downstream,7.79,663,160.2,14.96,unsafe
Ganga_Downstream,8.39,585,134.1,15.65,unsafe
Ganga_Downstream,7.82,574,239.8,21.07,unsafe
Ganga_Downstream,7.04,691,208.6,17.38,unsafe
Ganga_Downstream,7.95,1056,309.0,28.74,unsafe
Ganga_Downstream,7.31,761,335.7,24.14,unsafe
Ganga_Downstream,7.74,692,319.4,30.4,unsafe
Ganga_Downstream,7.96,1101,294.2,22.57,unsafe
Ganga_Downstream,8.83,804,266.5,26.33,unsafe
Ganga_Downstream,7.72,1081,132.5,14.99,unsafe
Ganga_Downstream,8.72,1011,96.5,28.92,unsafe
Ganga_Downstream,7.22,868,197.5,20.38,unsafe
Ganga_Downstream,6.96,761,56.4,18.84,unsafe
Ganga_Downstream,6.87,515,350.4,17.22,unsafe
Ganga_Downstream,8.01,650,166.7,19.24,unsafe
Ganga_Downstream,7.84,976,228.6,25.81,unsafe
Ganga_Downstream,7.8,560,92.7,19.08,unsafe
Ganga_Downstream,7.72,704,336.8,19.9,unsafe
Ganga_Downstream,7.89,570,144.6,26.62,unsafe
Ganga_Downstream,7.9,746,67.4,24.62,unsafe
Ganga_Downstream,7.85,976,193.7,30.09,unsafe
Ganga_Downstream,6.51,922,333.8,28.82,unsafe
Ganga_Downstream,7.45,798,135.2,28.17,unsafe
Ganga_Downstream,8.73,770,282.3,27.68,unsafe
Ganga_Downstream,7.28,976,92.0,29.29,unsafe
Ganga_Downstream,7.0,630,166.4,29.42,unsafe
Ganga_Downstream,8.16,1201,183.2,16.41,unsafe
Ganga_Downstream,8.12,833,293.2,28.31,unsafe
Ganga_Downstream,7.49,898,93.5,22.93,unsafe
Ganga_Downstream,8.38,1020,0.0,27.11,unsafe
Ganga_Downstream,8.12,807,261.5,28.38,unsafe
Ganga_Downstream,7.39,575,76.5,21.93,safe
Ganga_Downstream,7.79,654,403.1,18.41,unsafe
Ganga_Downstream,7.72,667,54.1,28.53,unsafe
Ganga_Downstream,7.72,795,328.1,19.53,unsafe
Ganga_Downstream,8.32,1192,133.8,28.18,unsafe
Ganga_Downstream,8.45,931,390.5,27.79,unsafe
Ganga_Downstream,10.5,1051,306.8,0.0,unsafe
Ganga_Downstream,7.89,929,133.7,21.04,unsafe
Ganga_Downstream,7.95,1002,169.9,24.43,unsafe
Ganga_Downstream,8.96,1065,301.7,22.03,unsafe
Ganga_Downstream,8.01,584,219.1,18.21,unsafe
Ganga_Downstream,7.16,1015,222.3,16.1,unsafe
Ganga_Downstream,8.15,843,107.5,20.73,unsafe
Ganga_Downstream,7.37,1152,358.9,25.89,unsafe
Ganga_Downstream,8.69,923,287.5,18.57,unsafe
Ganga_Downstream,8.34,605,172.4,15.58,unsafe
Ganga_Downstream,5.0,50,0.0,22.4,unsafe
Ganga_Downstream,7.05,653,86.3,27.68,unsafe
Ganga_Downstream,7.64,859,226.0,27.17,unsafe
Ganga_Downstream,8.26,691,257.6,19.22,unsafe
Ganga_Downstream,8.86,1116,301.3,15.97,unsafe
Ganga_Downstream,8.17,822,92.5,29.68,unsafe
Ganga_Downstream,7.06,536,275.2,15.96,unsafe
Ganga_Downstream,7.12,810,264.4,19.79,unsafe
Ganga_Downstream,8.88,1193,368.8,19.22,unsafe
Ganga_Downstream,8.11,1138,264.7,25.5,unsafe
Ganga_Downstream,8.4,655,93.7,26.95,unsafe
Ganga_Downstream,8.92,50,109.4,0.0,unsafe
Ganga_Downstream,8.18,1145,159.0,21.03,unsafe
Ganga_Downstream,8.05,812,223.7,14.65,unsafe
Ganga_Downstream,7.09,1138,310.6,21.06,unsafe
Ganga_Downstream,10.5,1800,0.0,0.0,unsafe
Ganga_Downstream,6.64,1198,117.3,18.89,unsafe
Ganga_Downstream,8.75,758,187.6,27.74,unsafe
Ganga_Downstream,8.03,1039,98.7,17.26,unsafe
Ganga_Downstream,7.11,529,51.4,28.67,unsafe
Ganga_Downstream,7.84,698,265.3,24.28,unsafe
Ganga_Downstream,8.15,1126,359.5,16.68,unsafe
Ganga_Downstream,8.12,713,393.8,23.73,unsafe
Ganga_Downstream,5.0,1800,1100.0,22.32,unsafe
Ganga_Downstream,7.51,1030,78.6,19.33,unsafe
Ganga_Downstream,7.47,639,402.7,16.5,unsafe
Ganga_Downstream,6.76,591,244.2,25.4,unsafe
Ganga_Downstream,9.08,1062,363.1,26.3,unsafe
Ganga_Downstream,7.28,657,198.7,16.95,unsafe
Ganga_Downstream,7.67,559,273.4,25.54,unsafe
Ganga_Downstream,8.44,867,74.9,17.35,unsafe
Ganga_Downstream,7.73,1008,123.0,23.58,unsafe
Ganga_Downstream,7.81,600,258.4,21.59,safe
Ganga_Downstream,7.2,816,218.7,26.44,unsafe
Ganga_Downstream,7.82,1016,95.0,27.06,unsafe
Ganga_Downstream,7.76,1181,248.2,20.92,unsafe
Ganga_Downstream,6.85,602,319.7,26.79,unsafe
Ganga_Downstream,8.07,1008,165.3,24.61,unsafe
Ganga_Downstream,7.58,1152,350.3,17.59,unsafe
Ganga_Downstream,6.97,910,217.7,24.37,unsafe
Ganga_Downstream,7.52,564,275.0,17.25,unsafe
Ganga_Downstream,6.74,1100,0.0,0.0,unsafe
Ganga_Downstream,6.95,620,377.7,16.79,unsafe
Ganga_Downstream,7.35,1079,308.8,14.92,unsafe
Ganga_Downstream,7.29,718,229.8,21.54,unsafe
Ganga_Downstream,8.09,912,308.8,16.35,unsafe
Ganga_Downstream,6.84,982,395.9,23.19,unsafe
Ganga_Downstream,8.71,733,86.4,26.13,unsafe
Ganga_Downstream,8.0,501,54.6,28.43,unsafe
Ganga_Downstream,7.3,966,380.0,24.93,unsafe
Ganga_Downstream,7.4,1034,320.4,21.45,unsafe
Ganga_Downstream,8.17,505,296.4,18.09,unsafe
Ganga_Downstream,8.69,1088,308.4,22.68,unsafe
Ganga_Downstream,8.59,875,229.9,18.3,unsafe
Ganga_Downstream,8.08,742,346.8,28.09,unsafe
Ganga_Downstream,6.79,1022,385.5,21.11,unsafe
Ganga_Downstream,8.18,979,339.6,19.04,unsafe
Ganga_Downstream,8.73,1019,257.1,30.39,unsafe
Ganga_Downstream,8.35,652,148.9,28.82,unsafe
Ganga_Downstream,7.08,531,325.0,22.73,unsafe
Ganga_Downstream,7.72,1122,366.8,25.59,unsafe
Ganga_Downstream,7.55,1234,60.7,28.07,unsafe
Ganga_Downstream,6.91,611,62.8,30.79,unsafe
Ganga_Downstream,7.79,715,265.2,17.52,unsafe
Ganga_Downstream,8.27,539,294.0,20.6,unsafe
Ganga_Downstream,7.41,876,360.7,21.67,unsafe
Ganga_Downstream,7.41,550,374.8,26.93,unsafe
Ganga_Downstream,8.35,978,185.3,27.82,unsafe
Ganga_Downstream,7.5,670,239.5,15.58,unsafe
Ganga_Downstream,6.8,944,310.3,20.17,unsafe
Ganga_Downstream,6.86,888,68.1,15.55,unsafe
Ganga_Downstream,8.52,859,338.4,18.87,safe
Ganga_Downstream,7.46,538,395.4,21.47,unsafe
Ganga_Downstream,7.32,1028,385.1,26.01,unsafe
Ganga_Downstream,6.72,919,210.3,23.92,unsafe
Ganga_Downstream,7.56,1168,292.2,27.79,unsafe
Ganga_Downstream,7.47,548,316.5,16.21,unsafe
Ganga_Downstream,7.53,638,362.6,26.7,unsafe
Ganga_Downstream,8.31,765,188.8,21.29,unsafe
Ganga_Downstream,7.19,777,230.5,16.92,unsafe
Ganga_Downstream,7.87,1247,393.3,19.7,unsafe
Ganga_Downstream,8.55,805,199.1,29.55,unsafe
Ganga_Downstream,8.13,760,267.5,16.53,unsafe
Ganga_Downstream,8.48,1171,355.3,16.19,unsafe
Ganga_Downstream,7.69,521,158.6,25.12,unsafe
Ganga_Downstream,8.61,1031,268.4,28.86,unsafe
Ganga_Downstream,6.68,827,54.3,25.79,unsafe
Ganga_Downstream,7.67,965,98.4,18.64,unsafe
Ganga_Downstream,7.91,620,246.5,15.06,unsafe
Ganga_Downstream,7.03,992,273.5,27.52,unsafe
Ganga_Downstream,7.14,515,189.0,0.0,unsafe
Ganga_Downstream,7.67,609,388.2,17.35,unsafe
Ganga_Downstream,7.42,622,270.7,23.26,unsafe
Ganga_Downstream,9.14,747,212.7,29.9,unsafe
Ganga_Downstream,7.69,1091,194.1,16.34,unsafe
Ganga_Downstream,8.95,621,73.6,21.82,unsafe
Ganga_Downstream,6.74,507,119.1,26.57,unsafe
Ganga_Downstream,7.88,1046,195.1,24.24,unsafe
Ganga_Downstream,8.09,696,155.9,22.55,unsafe
Ganga_Downstream,7.03,897,1100.0,26.89,unsafe
Ganga_Downstream,7.88,588,317.7,26.01,unsafe
Ganga_Downstream,8.37,1117,99.1,19.55,unsafe
Ganga_Downstream,7.73,549,389.2,19.79,unsafe
Ganga_Downstream,7.96,1078,111.3,15.15,unsafe
Ganga_Downstream,8.62,588,350.0,23.38,unsafe
Ganga_Downstream,7.12,664,241.3,16.98,unsafe
Ganga_Downstream,7.05,889,205.0,23.63,unsafe
Ganga_Downstream,8.5,1202,210.1,14.9,unsafe
Ganga_Downstream,8.64,712,346.4,19.86,unsafe
Ganga_Downstream,7.26,722,76.0,20.94,unsafe
Ganga_Downstream,8.21,892,208.8,14.61,unsafe
Ganga_Downstream,8.3,780,188.0,16.83,unsafe
Ganga_Downstream,8.73,585,248.7,19.87,unsafe
Ganga_Downstream,8.01,1042,150.8,19.59,unsafe
Ganga_Downstream,6.78,758,380.2,21.43,unsafe
Ganga_Downstream,7.22,964,381.5,28.12,unsafe
Ganga_Downstream,7.77,888,373.9,19.5,unsafe
Ganga_Downstream,7.52,597,317.9,22.86,unsafe
Ganga_Downstream,7.54,626,356.4,25.18,unsafe
Ganga_Downstream,6.98,513,378.5,21.64,unsafe
Ganga_Downstream,6.69,939,362.1,19.51,unsafe
Ganga_Downstream,6.82,874,93.5,20.09,unsafe
Ganga_Downstream,6.85,670,62.6,16.24,unsafe
Ganga_Downstream,7.41,1084,81.7,27.19,unsafe
Ganga_Downstream,6.98,1112,258.3,17.97,unsafe
Ganga_Downstream,7.01,933,235.8,21.14,unsafe
Ganga_Downstream,10.5,1800,1100.0,24.26,unsafe
Ganga_Downstream,6.9,522,357.3,24.43,unsafe
Ganga_Downstream,6.65,1058,91.3,17.72,unsafe
Ganga_Downstream,7.71,864,162.4,19.71,unsafe
Ganga_Downstream,7.71,665,245.4,30.25,unsafe
Ganga_Downstream,7.62,705,55.2,15.26,unsafe
Ganga_Downstream,7.45,775,379.8,17.1,unsafe
Ganga_Downstream,7.42,595,266.5,21.35,unsafe
Ganga_Downstream,7.67,1051,278.8,17.04,unsafe
Ganga_Downstream,8.8,1088,102.8,17.15,unsafe
Ganga_Downstream,7.79,1020,106.5,19.67,unsafe
Ganga_Downstream,7.37,707,257.5,21.62,unsafe
Ganga_Downstream,8.57,930,397.1,20.28,unsafe
Ganga_Downstream,7.55,1030,191.6,30.85,unsafe
Ganga_Downstream,7.81,1156,412.5,17.15,unsafe
Ganga_Downstream,7.24,978,333.5,27.93,unsafe
Ganga_Downstream,7.15,1144,98.7,29.21,unsafe
Ganga_Downstream,6.98,824,373.9,18.3,unsafe
Ganga_Downstream,8.83,906,137.2,25.88,unsafe
Ganga_Downstream,8.56,1114,373.3,23.84,unsafe
Ganga_Downstream,8.19,1068,100.0,25.92,unsafe
Ganga_Downstream,7.38,50,0.0,0.0,unsafe
Ganga_Downstream,8.5,693,232.7,23.1,unsafe
Ganga_Downstream,7.06,645,271.8,27.66,unsafe
Ganga_Downstream,8.33,527,250.5,30.28,unsafe
Ganga_Downstream,7.42,1159,353.7,25.77,unsafe
Ganga_Downstream,8.22,1044,167.8,16.13,unsafe
Ganga_Downstream,6.92,1078,81.4,26.25,unsafe
Ganga_Downstream,8.12,1103,86.6,19.74,unsafe
Ganga_Downstream,7.79,950,269.4,15.99,unsafe
Ganga_Downstream,7.69,530,50.9,16.27,unsafe
Ganga_Downstream,7.75,577,373.8,26.72,unsafe
Ganga_Downstream,7.57,758,67.1,15.59,unsafe
Ganga_Downstream,6.52,1089,100.0,23.27,unsafe
Ganga_Downstream,7.14,656,303.9,16.86,unsafe
Ganga_Downstream,10.5,50,344.8,17.43,unsafe
Ganga_Downstream,7.04,1133,194.1,27.01,unsafe
Ganga_Downstream,7.14,657,77.5,29.6,unsafe
Ganga_Downstream,8.32,695,99.6,27.91,unsafe
Ganga_Downstream,8.62,1069,88.8,20.35,unsafe
Ganga_Downstream,7.2,1104,373.8,26.23,unsafe
Ganga_Downstream,7.16,876,207.3,23.97,unsafe
Ganga_Downstream,7.29,548,70.8,23.88,unsafe
Ganga_Downstream,7.38,770,262.2,19.37,unsafe
Ganga_Downstream,8.32,1225,322.2,20.53,unsafe
Ganga_Downstream,7.1,1021,275.6,15.85,unsafe
Ganga_Downstream,8.34,731,363.8,19.91,unsafe
Ganga_Downstream,8.35,944,73.4,15.34,unsafe
Ganga_Downstream,5.0,1800,1100.0,0.0,unsafe
Ganga_Downstream,7.69,899,94.4,28.01,unsafe
Ganga_Downstream,10.5,1800,0.0,0.0,unsafe
Ganga_Downstream,7.81,587,66.5,28.94,unsafe
Ganga_Downstream,8.26,1039,205.2,24.54,unsafe
Ganga_Downstream,8.23,771,250.3,16.39,unsafe
Ganga_Downstream,7.98,50,323.3,0.0,unsafe
Ganga_Downstream,7.76,1188,265.3,22.52,unsafe
Ganga_Downstream,7.91,654,358.8,21.1,unsafe
Ganga_Downstream,6.72,1075,277.6,27.13,unsafe
Ganga_Downstream,5.0,494,306.7,23.96,unsafe
Ganga_Downstream,7.44,719,96.7,22.83,unsafe
Ganga_Downstream,8.61,890,180.6,18.68,unsafe
Ganga_Downstream,6.7,1148,83.7,24.76,unsafe
Ganga_Downstream,7.81,667,87.3,19.16,unsafe
Ganga_Downstream,7.56,1109,328.3,21.95,unsafe
Ganga_Downstream,7.92,1090,55.7,18.91,unsafe
Ganga_Downstream,8.72,1098,384.7,19.31,unsafe
Ganga_Downstream,8.96,940,210.0,22.69,unsafe
Ganga_Downstream,7.27,873,218.4,28.39,unsafe
Ganga_Downstream,8.07,750,160.2,23.9,unsafe
Ganga_Downstream,7.33,1070,300.2,30.39,unsafe
Ganga_Downstream,7.45,497,256.7,23.09,unsafe
Ganga_Downstream,6.84,50,0.0,0.0,unsafe
Ganga_Downstream,7.93,526,161.4,21.52,unsafe
Ganga_Downstream,10.5,1800,1100.0,0.0,unsafe
Ganga_Downstream,10.5,50,0.0,0.0,unsafe
Ganga_Downstream,8.26,759,93.3,26.72,unsafe
Ganga_Downstream,8.68,734,94.6,23.36,unsafe
Ganga_Downstream,5.0,50,1100.0,17.77,unsafe
Ganga_Downstream,6.62,825,183.5,25.44,unsafe
Ganga_Downstream,7.41,901,210.9,15.93,unsafe
Ganga_Downstream,7.54,963,265.2,29.71,unsafe
Ganga_Downstream,7.7,1008,174.8,29.27,unsafe
Ganga_Downstream,8.1,777,74.9,22.84,unsafe
Ganga_Downstream,7.37,1072,400.8,15.38,unsafe
Ganga_Downstream,7.86,50,273.5,17.73,unsafe
Ganga_Downstream,6.66,1108,330.5,19.11,unsafe
Ganga_Downstream,6.54,521,363.1,30.47,unsafe
Ganga_Downstream,8.57,1074,87.1,17.25,unsafe
Ganga_Downstream,8.1,480,246.3,20.04,unsafe
Ganga_Downstream,8.31,648,351.3,15.54,unsafe
Ganga_Downstream,8.39,525,375.7,16.98,unsafe
Ganga_Downstream,7.74,899,296.7,17.41,unsafe
Ganga_Downstream,8.98,631,126.1,15.73,unsafe
Ganga_Downstream,8.26,1049,126.2,23.12,unsafe
Ganga_Downstream,7.21,510,51.5,19.49,safe
Ganga_Downstream,7.51,1213,342.9,20.86,unsafe
Ganga_Downstream,8.58,1077,333.0,15.75,unsafe
Ganga_Downstream,5.0,938,391.4,0.0,unsafe
Ganga_Downstream,6.76,688,353.8,23.21,unsafe
Ganga_Downstream,7.33,651,97.5,16.06,unsafe
Ganga_Downstream,7.2,761,148.1,25.17,unsafe
Ganga_Downstream,8.07,521,277.4,29.08,unsafe
Ganga_Downstream,10.5,622,71.8,28.29,unsafe
Ganga_Downstream,7.33,887,112.8,29.21,unsafe
Ganga_Downstream,6.7,1089,220.8,28.67,unsafe
Ganga_Downstream,7.84,1146,362.4,21.91,unsafe
Ganga_Downstream,7.33,549,263.0,24.36,unsafe
Ganga_Downstream,7.49,873,269.1,19.41,unsafe
Ganga_Downstream,8.58,769,323.0,18.54,safe
Ganga_Downstream,8.39,815,164.4,16.33,unsafe
Ganga_Downstream,7.09,951,286.2,23.46,unsafe
Ganga_Downstream,7.69,694,195.0,14.92,unsafe
Ganga_Downstream,8.91,1105,282.1,28.32,unsafe
Ganga_Downstream,8.68,1000,383.3,27.33,unsafe
Ganga_Downstream,8.45,875,186.9,22.04,unsafe
Ganga_Downstream,7.64,742,312.3,19.08,unsafe
Ganga_Downstream,8.54,1067,311.4,18.07,unsafe
Ganga_Downstream,6.82,729,170.0,20.5,unsafe
Ganga_Downstream,7.21,638,176.2,17.38,unsafe
Ganga_Downstream,6.99,575,285.2,28.25,unsafe
Ganga_Downstream,6.57,930,326.1,28.2,safe
Ganga_Downstream,7.97,1148,143.8,21.07,unsafe
Ganga_Downstream,8.27,620,224.1,24.98,unsafe
Ganga_Downstream,8.31,814,248.4,27.88,unsafe
Ganga_Downstream,7.41,904,125.3,27.22,unsafe
Ganga_Downstream,7.4,1044,141.6,29.01,unsafe
Ganga_Downstream,7.45,793,257.2,18.29,unsafe
Ganga_Downstream,7.67,982,160.6,30.4,unsafe
Ganga_Downstream,8.53,527,280.9,18.21,unsafe
Ganga_Downstream,8.0,861,109.4,17.66,unsafe
Ganga_Downstream,8.03,1096,348.2,27.98,unsafe
Ganga_Downstream,7.57,516,128.5,20.32,unsafe
Ganga_Downstream,8.97,652,279.3,26.26,unsafe
Ganga_Downstream,7.08,597,312.5,19.71,unsafe
Ganga_Downstream,7.96,964,80.4,27.04,unsafe
